id,subject,tag,question,choice1,choice2,choice3,choice4,answer,explanation,core_id,source
1,1,폭포수 모형,"이전 단계로 돌아갈 수 없다는 전제하에 각 단계를 확실히 매듭짓고 다음 단계로 진행하는, 보헴이 제시한 고전적 생명주기 모형은?",폭포수 모형,나선형 모형,프로토타입 모형,애자일 모형,1,"폭포수 모형은 요구분석→설계→구현→시험→유지보수 순으로 순차 진행하며, 이전 단계로 돌아가기 어렵고 요구사항 반영이 어렵다는 단점이 있다.",1,concept
2,1,폭포수 모형,"이전 단계로 돌아갈 수 없다는 전제하에 각 단계를 확실히 매듭짓고 다음 단계로 진행하는, 보헴이 제시한 고전적 생명주기 모형은?",나선형 모형,프로토타입 모형,애자일 모형,폭포수 모형,4,"폭포수 모형은 요구분석→설계→구현→시험→유지보수 순으로 순차 진행하며, 이전 단계로 돌아가기 어렵고 요구사항 반영이 어렵다는 단점이 있다.",1,concept
3,1,폭포수 모형,"다음 중 이전 단계로 돌아갈 수 없다는 전제하에 각 단계를 확실히 매듭짓고 다음 단계로 진행하는, 보헴이 제시한 고전적 생명주기 모형은?",프로토타입 모형,애자일 모형,폭포수 모형,나선형 모형,3,"폭포수 모형은 요구분석→설계→구현→시험→유지보수 순으로 순차 진행하며, 이전 단계로 돌아가기 어렵고 요구사항 반영이 어렵다는 단점이 있다.",1,concept
4,1,폭포수 모형,"보기 중에서 이전 단계로 돌아갈 수 없다는 전제하에 각 단계를 확실히 매듭짓고 다음 단계로 진행하는, 보헴이 제시한 고전적 생명주기 모형은?",애자일 모형,프로토타입 모형,나선형 모형,폭포수 모형,4,"폭포수 모형은 요구분석→설계→구현→시험→유지보수 순으로 순차 진행하며, 이전 단계로 돌아가기 어렵고 요구사항 반영이 어렵다는 단점이 있다.",1,concept
5,1,나선형 모형,'계획수립→위험분석→개발및검증→고객평가' 과정을 반복적으로 수행하며 점진적으로 완벽한 소프트웨어를 개발하는 모형은?,폭포수 모형,나선형 모형,V 모형,코코모 모형,2,나선형 모형은 위험 분석 단계를 포함해 개발 단계를 나선을 그리듯 점진적으로 반복하는 모형이다.,2,concept
6,1,나선형 모형,'계획수립→위험분석→개발및검증→고객평가' 과정을 반복적으로 수행하며 점진적으로 완벽한 소프트웨어를 개발하는 모형은?,나선형 모형,V 모형,코코모 모형,폭포수 모형,1,나선형 모형은 위험 분석 단계를 포함해 개발 단계를 나선을 그리듯 점진적으로 반복하는 모형이다.,2,concept
7,1,나선형 모형,다음 중 '계획수립→위험분석→개발및검증→고객평가' 과정을 반복적으로 수행하며 점진적으로 완벽한 소프트웨어를 개발하는 모형은?,V 모형,코코모 모형,폭포수 모형,나선형 모형,4,나선형 모형은 위험 분석 단계를 포함해 개발 단계를 나선을 그리듯 점진적으로 반복하는 모형이다.,2,concept
8,1,나선형 모형,보기 중에서 '계획수립→위험분석→개발및검증→고객평가' 과정을 반복적으로 수행하며 점진적으로 완벽한 소프트웨어를 개발하는 모형은?,코코모 모형,V 모형,나선형 모형,폭포수 모형,3,나선형 모형은 위험 분석 단계를 포함해 개발 단계를 나선을 그리듯 점진적으로 반복하는 모형이다.,2,concept
9,1,애자일 방법론,다음 중 애자일(Agile) 소프트웨어 개발의 주요 방법론이 아닌 것은?,스크럼(Scrum),XP(eXtreme Programming),칸반(Kanban),CBD(Component Based Development),4,"애자일의 대표 방법론은 스크럼, XP, 기능중심개발(FDD), 칸반, Lean 등이며 CBD는 컴포넌트 기반 개발 방법론으로 애자일 계열이 아니다.",3,concept
10,1,애자일 방법론,다음 중 애자일(Agile) 소프트웨어 개발의 주요 방법론이 아닌 것은?,XP(eXtreme Programming),칸반(Kanban),CBD(Component Based Development),스크럼(Scrum),3,"애자일의 대표 방법론은 스크럼, XP, 기능중심개발(FDD), 칸반, Lean 등이며 CBD는 컴포넌트 기반 개발 방법론으로 애자일 계열이 아니다.",3,concept
11,1,애자일 방법론,다음 중 애자일(Agile) 소프트웨어 개발의 주요 방법론이 아닌 것은?,칸반(Kanban),CBD(Component Based Development),스크럼(Scrum),XP(eXtreme Programming),2,"애자일의 대표 방법론은 스크럼, XP, 기능중심개발(FDD), 칸반, Lean 등이며 CBD는 컴포넌트 기반 개발 방법론으로 애자일 계열이 아니다.",3,concept
12,1,애자일 방법론,다음 중 애자일(Agile) 소프트웨어 개발의 주요 방법론이 아닌 것은?,CBD(Component Based Development),칸반(Kanban),XP(eXtreme Programming),스크럼(Scrum),1,"애자일의 대표 방법론은 스크럼, XP, 기능중심개발(FDD), 칸반, Lean 등이며 CBD는 컴포넌트 기반 개발 방법론으로 애자일 계열이 아니다.",3,concept
13,1,애자일 선언 핵심가치,애자일 개발 4가지 핵심 가치로 옳지 않은 것은?,프로세스와 도구보다 개인과 상호작용,방대한 문서보다 실행되는 SW,계약 협상보다 고객과의 협업,철저한 계획 준수보다 절차 표준화,4,"애자일 4대 가치는 개인과 상호작용, 실행되는 SW, 고객과의 협업, 그리고 계획을 따르기보다 변화에 대응하는 것이다.",4,concept
14,1,애자일 선언 핵심가치,애자일 개발 4가지 핵심 가치로 옳지 않은 것은?,방대한 문서보다 실행되는 SW,계약 협상보다 고객과의 협업,철저한 계획 준수보다 절차 표준화,프로세스와 도구보다 개인과 상호작용,3,"애자일 4대 가치는 개인과 상호작용, 실행되는 SW, 고객과의 협업, 그리고 계획을 따르기보다 변화에 대응하는 것이다.",4,concept
15,1,애자일 선언 핵심가치,다음 중 애자일 개발 4가지 핵심 가치로 옳지 않은 것은?,계약 협상보다 고객과의 협업,철저한 계획 준수보다 절차 표준화,프로세스와 도구보다 개인과 상호작용,방대한 문서보다 실행되는 SW,2,"애자일 4대 가치는 개인과 상호작용, 실행되는 SW, 고객과의 협업, 그리고 계획을 따르기보다 변화에 대응하는 것이다.",4,concept
16,1,애자일 선언 핵심가치,보기 중에서 애자일 개발 4가지 핵심 가치로 옳지 않은 것은?,철저한 계획 준수보다 절차 표준화,계약 협상보다 고객과의 협업,방대한 문서보다 실행되는 SW,프로세스와 도구보다 개인과 상호작용,1,"애자일 4대 가치는 개인과 상호작용, 실행되는 SW, 고객과의 협업, 그리고 계획을 따르기보다 변화에 대응하는 것이다.",4,concept
17,1,XP 핵심가치,XP(eXtreme Programming)의 핵심 가치에 해당하지 않는 것은?,의사소통(Communication),단순성(Simplicity),표준화(Standardization),피드백(Feedback),3,"XP의 5대 핵심 가치는 의사소통, 단순성, 용기, 존중, 피드백이다.",5,concept
18,1,XP 핵심가치,XP(eXtreme Programming)의 핵심 가치에 해당하지 않는 것은?,단순성(Simplicity),표준화(Standardization),피드백(Feedback),의사소통(Communication),2,"XP의 5대 핵심 가치는 의사소통, 단순성, 용기, 존중, 피드백이다.",5,concept
19,1,XP 핵심가치,다음 중 XP(eXtreme Programming)의 핵심 가치에 해당하지 않는 것은?,표준화(Standardization),피드백(Feedback),의사소통(Communication),단순성(Simplicity),1,"XP의 5대 핵심 가치는 의사소통, 단순성, 용기, 존중, 피드백이다.",5,concept
20,1,XP 핵심가치,보기 중에서 XP(eXtreme Programming)의 핵심 가치에 해당하지 않는 것은?,피드백(Feedback),표준화(Standardization),단순성(Simplicity),의사소통(Communication),2,"XP의 5대 핵심 가치는 의사소통, 단순성, 용기, 존중, 피드백이다.",5,concept
21,1,비기능 요구사항,다음 중 비기능 요구사항에 해당하지 않는 것은?,성능 요구사항,보안 요구사항,기능 요구사항,인터페이스 요구사항,3,"비기능 요구사항은 성능·보안·품질·제약사항·인터페이스 등을 다루며, 시스템이 '무엇을' 하는지를 정의하는 기능 요구사항과는 구분된다.",6,concept
22,1,비기능 요구사항,다음 중 비기능 요구사항에 해당하지 않는 것은?,보안 요구사항,기능 요구사항,인터페이스 요구사항,성능 요구사항,2,"비기능 요구사항은 성능·보안·품질·제약사항·인터페이스 등을 다루며, 시스템이 '무엇을' 하는지를 정의하는 기능 요구사항과는 구분된다.",6,concept
23,1,비기능 요구사항,다음 중 비기능 요구사항에 해당하지 않는 것은?,기능 요구사항,인터페이스 요구사항,성능 요구사항,보안 요구사항,1,"비기능 요구사항은 성능·보안·품질·제약사항·인터페이스 등을 다루며, 시스템이 '무엇을' 하는지를 정의하는 기능 요구사항과는 구분된다.",6,concept
24,1,비기능 요구사항,다음 중 비기능 요구사항에 해당하지 않는 것은?,인터페이스 요구사항,기능 요구사항,보안 요구사항,성능 요구사항,2,"비기능 요구사항은 성능·보안·품질·제약사항·인터페이스 등을 다루며, 시스템이 '무엇을' 하는지를 정의하는 기능 요구사항과는 구분된다.",6,concept
25,1,요구사항 개발 프로세스,요구사항 개발 프로세스의 순서로 옳은 것은?,도출→분석→명세→확인,분석→도출→확인→명세,명세→확인→도출→분석,확인→도출→분석→명세,1,요구사항 개발은 도출(Elicitation)→분석(Analysis)→명세(Specification)→확인(Validation) 순으로 진행된다.,7,concept
26,1,요구사항 개발 프로세스,요구사항 개발 프로세스의 순서로 옳은 것은?,분석→도출→확인→명세,명세→확인→도출→분석,확인→도출→분석→명세,도출→분석→명세→확인,4,요구사항 개발은 도출(Elicitation)→분석(Analysis)→명세(Specification)→확인(Validation) 순으로 진행된다.,7,concept
27,1,요구사항 개발 프로세스,다음 중 요구사항 개발 프로세스의 순서로 옳은 것은?,명세→확인→도출→분석,확인→도출→분석→명세,도출→분석→명세→확인,분석→도출→확인→명세,3,요구사항 개발은 도출(Elicitation)→분석(Analysis)→명세(Specification)→확인(Validation) 순으로 진행된다.,7,concept
28,1,요구사항 개발 프로세스,보기 중에서 요구사항 개발 프로세스의 순서로 옳은 것은?,확인→도출→분석→명세,명세→확인→도출→분석,분석→도출→확인→명세,도출→분석→명세→확인,4,요구사항 개발은 도출(Elicitation)→분석(Analysis)→명세(Specification)→확인(Validation) 순으로 진행된다.,7,concept
29,1,자료 흐름도,자료 흐름도(DFD)에서 원(○) 기호가 나타내는 구성 요소는?,프로세스(Process),자료 흐름(Data Flow),자료 저장소(Data Store),단말(Terminator),1,"DFD에서 프로세스는 원, 자료 흐름은 화살표, 자료 저장소는 두 줄, 단말은 사각형으로 표기한다.",8,concept
30,1,자료 흐름도,자료 흐름도(DFD)에서 원(○) 기호가 나타내는 구성 요소는?,자료 흐름(Data Flow),자료 저장소(Data Store),단말(Terminator),프로세스(Process),4,"DFD에서 프로세스는 원, 자료 흐름은 화살표, 자료 저장소는 두 줄, 단말은 사각형으로 표기한다.",8,concept
31,1,자료 흐름도,다음 중 자료 흐름도(DFD)에서 원(○) 기호가 나타내는 구성 요소는?,자료 저장소(Data Store),단말(Terminator),프로세스(Process),자료 흐름(Data Flow),3,"DFD에서 프로세스는 원, 자료 흐름은 화살표, 자료 저장소는 두 줄, 단말은 사각형으로 표기한다.",8,concept
32,1,자료 흐름도,보기 중에서 자료 흐름도(DFD)에서 원(○) 기호가 나타내는 구성 요소는?,단말(Terminator),자료 저장소(Data Store),자료 흐름(Data Flow),프로세스(Process),4,"DFD에서 프로세스는 원, 자료 흐름은 화살표, 자료 저장소는 두 줄, 단말은 사각형으로 표기한다.",8,concept
33,1,자료 사전 표기 기호,자료 사전(Data Dictionary) 표기 기호 중 '반복'을 의미하는 것은?,=,( ),[ | ],{ },4,"자료 사전 표기에서 =는 정의, +는 연결, ( )는 생략, [ | ]는 선택, { }는 반복, * *는 설명을 의미한다.",9,concept
34,1,자료 사전 표기 기호,자료 사전(Data Dictionary) 표기 기호 중 '반복'을 의미하는 것은?,( ),[ | ],{ },=,3,"자료 사전 표기에서 =는 정의, +는 연결, ( )는 생략, [ | ]는 선택, { }는 반복, * *는 설명을 의미한다.",9,concept
35,1,자료 사전 표기 기호,다음 중 자료 사전(Data Dictionary) 표기 기호 중 '반복'을 의미하는 것은?,[ | ],{ },=,( ),2,"자료 사전 표기에서 =는 정의, +는 연결, ( )는 생략, [ | ]는 선택, { }는 반복, * *는 설명을 의미한다.",9,concept
36,1,자료 사전 표기 기호,보기 중에서 자료 사전(Data Dictionary) 표기 기호 중 '반복'을 의미하는 것은?,{ },[ | ],( ),=,1,"자료 사전 표기에서 =는 정의, +는 연결, ( )는 생략, [ | ]는 선택, { }는 반복, * *는 설명을 의미한다.",9,concept
37,1,HIPO,"하향식 소프트웨어 개발을 위한 문서화 도구로, 기능과 자료의 의존관계를 동시에 표현할 수 있는 것은?",HIPO,UML,DFD,ERD,1,"HIPO(Hierarchy plus Input-Process-Output)는 하향식 개발을 위한 문서화 도구로, 기호와 도표로 이해하기 쉽게 구성되며 기능-자료 의존관계를 함께 표현한다.",10,concept
38,1,HIPO,"하향식 소프트웨어 개발을 위한 문서화 도구로, 기능과 자료의 의존관계를 동시에 표현할 수 있는 것은?",UML,DFD,ERD,HIPO,4,"HIPO(Hierarchy plus Input-Process-Output)는 하향식 개발을 위한 문서화 도구로, 기호와 도표로 이해하기 쉽게 구성되며 기능-자료 의존관계를 함께 표현한다.",10,concept
39,1,HIPO,"다음 중 하향식 소프트웨어 개발을 위한 문서화 도구로, 기능과 자료의 의존관계를 동시에 표현할 수 있는 것은?",DFD,ERD,HIPO,UML,3,"HIPO(Hierarchy plus Input-Process-Output)는 하향식 개발을 위한 문서화 도구로, 기호와 도표로 이해하기 쉽게 구성되며 기능-자료 의존관계를 함께 표현한다.",10,concept
40,1,HIPO,"보기 중에서 하향식 소프트웨어 개발을 위한 문서화 도구로, 기능과 자료의 의존관계를 동시에 표현할 수 있는 것은?",ERD,DFD,UML,HIPO,4,"HIPO(Hierarchy plus Input-Process-Output)는 하향식 개발을 위한 문서화 도구로, 기호와 도표로 이해하기 쉽게 구성되며 기능-자료 의존관계를 함께 표현한다.",10,concept
41,1,UML 관계,UML에서 '하나의 사물이 다른 사물에 비해 더 일반적인지 구체적인지'를 표현하는 관계는?,일반화(Generalization),의존(Dependency),실체화(Realization),연관(Association),1,"일반화 관계는 사물 간의 일반-특수 관계를, 의존 관계는 짧은 시간 영향을 주는 관계를, 실체화 관계는 할 수 있거나 해야 하는 기능으로 그룹화하는 관계를 표현한다.",11,concept
42,1,UML 관계,UML에서 '하나의 사물이 다른 사물에 비해 더 일반적인지 구체적인지'를 표현하는 관계는?,의존(Dependency),실체화(Realization),연관(Association),일반화(Generalization),4,"일반화 관계는 사물 간의 일반-특수 관계를, 의존 관계는 짧은 시간 영향을 주는 관계를, 실체화 관계는 할 수 있거나 해야 하는 기능으로 그룹화하는 관계를 표현한다.",11,concept
43,1,UML 관계,다음 중 UML에서 '하나의 사물이 다른 사물에 비해 더 일반적인지 구체적인지'를 표현하는 관계는?,실체화(Realization),연관(Association),일반화(Generalization),의존(Dependency),3,"일반화 관계는 사물 간의 일반-특수 관계를, 의존 관계는 짧은 시간 영향을 주는 관계를, 실체화 관계는 할 수 있거나 해야 하는 기능으로 그룹화하는 관계를 표현한다.",11,concept
44,1,UML 관계,보기 중에서 UML에서 '하나의 사물이 다른 사물에 비해 더 일반적인지 구체적인지'를 표현하는 관계는?,연관(Association),실체화(Realization),의존(Dependency),일반화(Generalization),4,"일반화 관계는 사물 간의 일반-특수 관계를, 의존 관계는 짧은 시간 영향을 주는 관계를, 실체화 관계는 할 수 있거나 해야 하는 기능으로 그룹화하는 관계를 표현한다.",11,concept
45,1,UML 구조 다이어그램,다음 중 UML의 구조적(Structural) 다이어그램이 아닌 것은?,클래스 다이어그램,컴포넌트 다이어그램,배치 다이어그램,상태 다이어그램,4,"상태 다이어그램은 시간에 따른 객체의 행위를 표현하는 행위(Behavioral) 다이어그램이며, 클래스·컴포넌트·배치·패키지 다이어그램 등은 구조적 다이어그램이다.",12,concept
46,1,UML 구조 다이어그램,다음 중 UML의 구조적(Structural) 다이어그램이 아닌 것은?,컴포넌트 다이어그램,배치 다이어그램,상태 다이어그램,클래스 다이어그램,3,"상태 다이어그램은 시간에 따른 객체의 행위를 표현하는 행위(Behavioral) 다이어그램이며, 클래스·컴포넌트·배치·패키지 다이어그램 등은 구조적 다이어그램이다.",12,concept
47,1,UML 구조 다이어그램,다음 중 UML의 구조적(Structural) 다이어그램이 아닌 것은?,배치 다이어그램,상태 다이어그램,클래스 다이어그램,컴포넌트 다이어그램,2,"상태 다이어그램은 시간에 따른 객체의 행위를 표현하는 행위(Behavioral) 다이어그램이며, 클래스·컴포넌트·배치·패키지 다이어그램 등은 구조적 다이어그램이다.",12,concept
48,1,UML 구조 다이어그램,다음 중 UML의 구조적(Structural) 다이어그램이 아닌 것은?,상태 다이어그램,배치 다이어그램,컴포넌트 다이어그램,클래스 다이어그램,1,"상태 다이어그램은 시간에 따른 객체의 행위를 표현하는 행위(Behavioral) 다이어그램이며, 클래스·컴포넌트·배치·패키지 다이어그램 등은 구조적 다이어그램이다.",12,concept
49,1,UML 행위 다이어그램,다음 중 UML의 행위(Behavioral) 다이어그램이 아닌 것은?,유스케이스 다이어그램,순차 다이어그램,객체 다이어그램,활동 다이어그램,3,"객체 다이어그램은 구조적 다이어그램이며, 유스케이스·순차·상태·활동 다이어그램 등은 행위 다이어그램이다.",13,concept
50,1,UML 행위 다이어그램,다음 중 UML의 행위(Behavioral) 다이어그램이 아닌 것은?,순차 다이어그램,객체 다이어그램,활동 다이어그램,유스케이스 다이어그램,2,"객체 다이어그램은 구조적 다이어그램이며, 유스케이스·순차·상태·활동 다이어그램 등은 행위 다이어그램이다.",13,concept
51,1,UML 행위 다이어그램,다음 중 UML의 행위(Behavioral) 다이어그램이 아닌 것은?,객체 다이어그램,활동 다이어그램,유스케이스 다이어그램,순차 다이어그램,1,"객체 다이어그램은 구조적 다이어그램이며, 유스케이스·순차·상태·활동 다이어그램 등은 행위 다이어그램이다.",13,concept
52,1,UML 행위 다이어그램,다음 중 UML의 행위(Behavioral) 다이어그램이 아닌 것은?,활동 다이어그램,객체 다이어그램,순차 다이어그램,유스케이스 다이어그램,2,"객체 다이어그램은 구조적 다이어그램이며, 유스케이스·순차·상태·활동 다이어그램 등은 행위 다이어그램이다.",13,concept
53,1,스테레오 타입,UML에서 기본 기능 외 추가 기능을 표현하기 위해 겹화살괄호(<< >>) 사이에 형태를 기술하는 것은?,스테레오 타입,가시성,다중성,인터페이스,1,스테레오 타입은 길러멧(Guillemet)이라 부르는 << >> 사이에 추가 기능을 표현하기 위해 사용한다.,14,concept
54,1,스테레오 타입,UML에서 기본 기능 외 추가 기능을 표현하기 위해 겹화살괄호(<< >>) 사이에 형태를 기술하는 것은?,가시성,다중성,인터페이스,스테레오 타입,4,스테레오 타입은 길러멧(Guillemet)이라 부르는 << >> 사이에 추가 기능을 표현하기 위해 사용한다.,14,concept
55,1,스테레오 타입,다음 중 UML에서 기본 기능 외 추가 기능을 표현하기 위해 겹화살괄호(<< >>) 사이에 형태를 기술하는 것은?,다중성,인터페이스,스테레오 타입,가시성,3,스테레오 타입은 길러멧(Guillemet)이라 부르는 << >> 사이에 추가 기능을 표현하기 위해 사용한다.,14,concept
56,1,스테레오 타입,보기 중에서 UML에서 기본 기능 외 추가 기능을 표현하기 위해 겹화살괄호(<< >>) 사이에 형태를 기술하는 것은?,인터페이스,다중성,가시성,스테레오 타입,4,스테레오 타입은 길러멧(Guillemet)이라 부르는 << >> 사이에 추가 기능을 표현하기 위해 사용한다.,14,concept
57,1,유스케이스 액터,"유스케이스 다이어그램에서 시스템을 사용함으로써 이득을 얻는, 주로 사람에 해당하는 액터는?",주액터,부액터,가상액터,시스템액터,1,"주액터는 시스템 사용으로 이득을 얻는 대상(주로 사람)이고, 부액터는 주액터의 목적 달성을 위해 서비스를 제공하는 외부 시스템(조직·기관 등)이다.",15,concept
58,1,유스케이스 액터,"유스케이스 다이어그램에서 시스템을 사용함으로써 이득을 얻는, 주로 사람에 해당하는 액터는?",부액터,가상액터,시스템액터,주액터,4,"주액터는 시스템 사용으로 이득을 얻는 대상(주로 사람)이고, 부액터는 주액터의 목적 달성을 위해 서비스를 제공하는 외부 시스템(조직·기관 등)이다.",15,concept
59,1,유스케이스 액터,"다음 중 유스케이스 다이어그램에서 시스템을 사용함으로써 이득을 얻는, 주로 사람에 해당하는 액터는?",가상액터,시스템액터,주액터,부액터,3,"주액터는 시스템 사용으로 이득을 얻는 대상(주로 사람)이고, 부액터는 주액터의 목적 달성을 위해 서비스를 제공하는 외부 시스템(조직·기관 등)이다.",15,concept
60,1,유스케이스 액터,"보기 중에서 유스케이스 다이어그램에서 시스템을 사용함으로써 이득을 얻는, 주로 사람에 해당하는 액터는?",시스템액터,가상액터,부액터,주액터,4,"주액터는 시스템 사용으로 이득을 얻는 대상(주로 사람)이고, 부액터는 주액터의 목적 달성을 위해 서비스를 제공하는 외부 시스템(조직·기관 등)이다.",15,concept
61,1,사용자 인터페이스 구분,아이콘이나 메뉴를 마우스로 선택하여 작업을 수행하는 그래픽 환경의 인터페이스는?,CLI,GUI,NUI,VUI,2,"GUI(Graphical User Interface)는 아이콘·메뉴를 마우스로 선택하는 그래픽 인터페이스이며, CLI는 명령과 출력이 텍스트로 이뤄지는 인터페이스, NUI는 말·행동으로 조작하는 인터페이스이다.",16,concept
62,1,사용자 인터페이스 구분,아이콘이나 메뉴를 마우스로 선택하여 작업을 수행하는 그래픽 환경의 인터페이스는?,GUI,NUI,VUI,CLI,1,"GUI(Graphical User Interface)는 아이콘·메뉴를 마우스로 선택하는 그래픽 인터페이스이며, CLI는 명령과 출력이 텍스트로 이뤄지는 인터페이스, NUI는 말·행동으로 조작하는 인터페이스이다.",16,concept
63,1,사용자 인터페이스 구분,다음 중 아이콘이나 메뉴를 마우스로 선택하여 작업을 수행하는 그래픽 환경의 인터페이스는?,NUI,VUI,CLI,GUI,4,"GUI(Graphical User Interface)는 아이콘·메뉴를 마우스로 선택하는 그래픽 인터페이스이며, CLI는 명령과 출력이 텍스트로 이뤄지는 인터페이스, NUI는 말·행동으로 조작하는 인터페이스이다.",16,concept
64,1,사용자 인터페이스 구분,보기 중에서 아이콘이나 메뉴를 마우스로 선택하여 작업을 수행하는 그래픽 환경의 인터페이스는?,VUI,NUI,GUI,CLI,3,"GUI(Graphical User Interface)는 아이콘·메뉴를 마우스로 선택하는 그래픽 인터페이스이며, CLI는 명령과 출력이 텍스트로 이뤄지는 인터페이스, NUI는 말·행동으로 조작하는 인터페이스이다.",16,concept
65,1,UI 기본 원칙,"사용자 인터페이스의 기본 원칙 중, 사용자의 목적을 정확하고 완벽하게 달성해야 한다는 원칙은?",직관성,유효성,학습성,유연성,2,"직관성은 누구나 쉽게 이해·사용할 수 있어야 함을, 유효성은 목적을 정확·완벽하게 달성해야 함을, 학습성은 누구나 쉽게 배우고 익힐 수 있어야 함을 의미한다.",17,concept
66,1,UI 기본 원칙,"사용자 인터페이스의 기본 원칙 중, 사용자의 목적을 정확하고 완벽하게 달성해야 한다는 원칙은?",유효성,학습성,유연성,직관성,1,"직관성은 누구나 쉽게 이해·사용할 수 있어야 함을, 유효성은 목적을 정확·완벽하게 달성해야 함을, 학습성은 누구나 쉽게 배우고 익힐 수 있어야 함을 의미한다.",17,concept
67,1,UI 기본 원칙,"다음 중 사용자 인터페이스의 기본 원칙 중, 사용자의 목적을 정확하고 완벽하게 달성해야 한다는 원칙은?",학습성,유연성,직관성,유효성,4,"직관성은 누구나 쉽게 이해·사용할 수 있어야 함을, 유효성은 목적을 정확·완벽하게 달성해야 함을, 학습성은 누구나 쉽게 배우고 익힐 수 있어야 함을 의미한다.",17,concept
68,1,UI 기본 원칙,"보기 중에서 사용자 인터페이스의 기본 원칙 중, 사용자의 목적을 정확하고 완벽하게 달성해야 한다는 원칙은?",유연성,학습성,유효성,직관성,3,"직관성은 누구나 쉽게 이해·사용할 수 있어야 함을, 유효성은 목적을 정확·완벽하게 달성해야 함을, 학습성은 누구나 쉽게 배우고 익힐 수 있어야 함을 의미한다.",17,concept
69,1,목업,"와이어프레임보다 좀 더 실제 화면과 유사하게 만들지만, 시각적으로 구성요소만 배치할 뿐 실제로 구현되지는 않는 정적 모형은?",목업(Mockup),프로토타입,유스케이스,스토리보드,1,"목업은 실제 화면과 유사한 정적 형태의 모형으로, 시각적 배치만 보여줄 뿐 실제 기능은 구현되지 않는다.",18,concept
70,1,목업,"와이어프레임보다 좀 더 실제 화면과 유사하게 만들지만, 시각적으로 구성요소만 배치할 뿐 실제로 구현되지는 않는 정적 모형은?",프로토타입,유스케이스,스토리보드,목업(Mockup),4,"목업은 실제 화면과 유사한 정적 형태의 모형으로, 시각적 배치만 보여줄 뿐 실제 기능은 구현되지 않는다.",18,concept
71,1,목업,"다음 중 와이어프레임보다 좀 더 실제 화면과 유사하게 만들지만, 시각적으로 구성요소만 배치할 뿐 실제로 구현되지는 않는 정적 모형은?",유스케이스,스토리보드,목업(Mockup),프로토타입,3,"목업은 실제 화면과 유사한 정적 형태의 모형으로, 시각적 배치만 보여줄 뿐 실제 기능은 구현되지 않는다.",18,concept
72,1,목업,"보기 중에서 와이어프레임보다 좀 더 실제 화면과 유사하게 만들지만, 시각적으로 구성요소만 배치할 뿐 실제로 구현되지는 않는 정적 모형은?",스토리보드,유스케이스,프로토타입,목업(Mockup),4,"목업은 실제 화면과 유사한 정적 형태의 모형으로, 시각적 배치만 보여줄 뿐 실제 기능은 구현되지 않는다.",18,concept
73,1,ISO/IEC 9126 품질특성,"ISO/IEC 9126 품질 특성 중, 사용자가 쉽게 배우고 사용할 수 있는 정도를 나타내는 것은?",기능성(Functionality),신뢰성(Reliability),사용성(Usability),이식성(Portability),3,"사용성은 사용자가 쉽게 배우고 사용할 수 있는 정도를, 기능성은 요구사항을 정확히 만족하는 기능 제공 여부를, 신뢰성은 오류 없이 기능을 수행할 수 있는 정도를 나타낸다.",19,concept
74,1,ISO/IEC 9126 품질특성,"ISO/IEC 9126 품질 특성 중, 사용자가 쉽게 배우고 사용할 수 있는 정도를 나타내는 것은?",신뢰성(Reliability),사용성(Usability),이식성(Portability),기능성(Functionality),2,"사용성은 사용자가 쉽게 배우고 사용할 수 있는 정도를, 기능성은 요구사항을 정확히 만족하는 기능 제공 여부를, 신뢰성은 오류 없이 기능을 수행할 수 있는 정도를 나타낸다.",19,concept
75,1,ISO/IEC 9126 품질특성,"다음 중 ISO/IEC 9126 품질 특성 중, 사용자가 쉽게 배우고 사용할 수 있는 정도를 나타내는 것은?",사용성(Usability),이식성(Portability),기능성(Functionality),신뢰성(Reliability),1,"사용성은 사용자가 쉽게 배우고 사용할 수 있는 정도를, 기능성은 요구사항을 정확히 만족하는 기능 제공 여부를, 신뢰성은 오류 없이 기능을 수행할 수 있는 정도를 나타낸다.",19,concept
76,1,ISO/IEC 9126 품질특성,"보기 중에서 ISO/IEC 9126 품질 특성 중, 사용자가 쉽게 배우고 사용할 수 있는 정도를 나타내는 것은?",이식성(Portability),사용성(Usability),신뢰성(Reliability),기능성(Functionality),2,"사용성은 사용자가 쉽게 배우고 사용할 수 있는 정도를, 기능성은 요구사항을 정확히 만족하는 기능 제공 여부를, 신뢰성은 오류 없이 기능을 수행할 수 있는 정도를 나타낸다.",19,concept
77,1,모듈화,모듈화에 대한 설명으로 옳지 않은 것은?,기능의 분리가 가능하여 인터페이스가 단순해진다.,오류의 파급 효과를 최소화할 수 있다.,모듈의 크기를 작게 나눌수록 통합 비용이 줄어든다.,프로그램의 효율적인 관리가 가능하다.,3,"모듈 크기를 너무 작게 나누면 개수가 많아져 모듈 간 통합 비용이 오히려 많이 들고, 너무 크게 나누면 통합 비용은 적지만 모듈 하나의 개발 비용이 많이 든다.",20,concept
78,1,모듈화,모듈화에 대한 설명으로 옳지 않은 것은?,오류의 파급 효과를 최소화할 수 있다.,모듈의 크기를 작게 나눌수록 통합 비용이 줄어든다.,프로그램의 효율적인 관리가 가능하다.,기능의 분리가 가능하여 인터페이스가 단순해진다.,2,"모듈 크기를 너무 작게 나누면 개수가 많아져 모듈 간 통합 비용이 오히려 많이 들고, 너무 크게 나누면 통합 비용은 적지만 모듈 하나의 개발 비용이 많이 든다.",20,concept
79,1,모듈화,다음 중 모듈화에 대한 설명으로 옳지 않은 것은?,모듈의 크기를 작게 나눌수록 통합 비용이 줄어든다.,프로그램의 효율적인 관리가 가능하다.,기능의 분리가 가능하여 인터페이스가 단순해진다.,오류의 파급 효과를 최소화할 수 있다.,1,"모듈 크기를 너무 작게 나누면 개수가 많아져 모듈 간 통합 비용이 오히려 많이 들고, 너무 크게 나누면 통합 비용은 적지만 모듈 하나의 개발 비용이 많이 든다.",20,concept
80,1,모듈화,보기 중에서 모듈화에 대한 설명으로 옳지 않은 것은?,프로그램의 효율적인 관리가 가능하다.,모듈의 크기를 작게 나눌수록 통합 비용이 줄어든다.,오류의 파급 효과를 최소화할 수 있다.,기능의 분리가 가능하여 인터페이스가 단순해진다.,2,"모듈 크기를 너무 작게 나누면 개수가 많아져 모듈 간 통합 비용이 오히려 많이 들고, 너무 크게 나누면 통합 비용은 적지만 모듈 하나의 개발 비용이 많이 든다.",20,concept
81,1,정보 은닉,한 모듈 내부의 절차와 자료 정보를 감추어 다른 모듈이 접근·변경하지 못하도록 하는 기법은?,정보 은닉,캡슐화,추상화,모듈화,1,"정보 은닉은 모듈 내부 정보를 감추어 독립적으로 수행되게 하는 기법으로, 표기 시 private의 의미가 은닉이다.",21,concept
82,1,정보 은닉,한 모듈 내부의 절차와 자료 정보를 감추어 다른 모듈이 접근·변경하지 못하도록 하는 기법은?,캡슐화,추상화,모듈화,정보 은닉,4,"정보 은닉은 모듈 내부 정보를 감추어 독립적으로 수행되게 하는 기법으로, 표기 시 private의 의미가 은닉이다.",21,concept
83,1,정보 은닉,다음 중 한 모듈 내부의 절차와 자료 정보를 감추어 다른 모듈이 접근·변경하지 못하도록 하는 기법은?,추상화,모듈화,정보 은닉,캡슐화,3,"정보 은닉은 모듈 내부 정보를 감추어 독립적으로 수행되게 하는 기법으로, 표기 시 private의 의미가 은닉이다.",21,concept
84,1,정보 은닉,보기 중에서 한 모듈 내부의 절차와 자료 정보를 감추어 다른 모듈이 접근·변경하지 못하도록 하는 기법은?,모듈화,추상화,캡슐화,정보 은닉,4,"정보 은닉은 모듈 내부 정보를 감추어 독립적으로 수행되게 하는 기법으로, 표기 시 private의 의미가 은닉이다.",21,concept
85,1,MVC 패턴,MVC(Model-View-Controller) 패턴에서 사용자로부터 입력된 변경 요청을 처리하기 위해 모델에게 명령을 보내는 요소는?,모델(Model),뷰(View),컨트롤러(Controller),서비스(Service),3,"컨트롤러는 사용자 입력을 처리해 모델에 명령을 보내며, 모델은 핵심 기능과 데이터를 보관하고, 뷰는 사용자에게 정보를 표시한다.",22,concept
86,1,MVC 패턴,MVC(Model-View-Controller) 패턴에서 사용자로부터 입력된 변경 요청을 처리하기 위해 모델에게 명령을 보내는 요소는?,뷰(View),컨트롤러(Controller),서비스(Service),모델(Model),2,"컨트롤러는 사용자 입력을 처리해 모델에 명령을 보내며, 모델은 핵심 기능과 데이터를 보관하고, 뷰는 사용자에게 정보를 표시한다.",22,concept
87,1,MVC 패턴,다음 중 MVC(Model-View-Controller) 패턴에서 사용자로부터 입력된 변경 요청을 처리하기 위해 모델에게 명령을 보내는 요소는?,컨트롤러(Controller),서비스(Service),모델(Model),뷰(View),1,"컨트롤러는 사용자 입력을 처리해 모델에 명령을 보내며, 모델은 핵심 기능과 데이터를 보관하고, 뷰는 사용자에게 정보를 표시한다.",22,concept
88,1,MVC 패턴,보기 중에서 MVC(Model-View-Controller) 패턴에서 사용자로부터 입력된 변경 요청을 처리하기 위해 모델에게 명령을 보내는 요소는?,서비스(Service),컨트롤러(Controller),뷰(View),모델(Model),2,"컨트롤러는 사용자 입력을 처리해 모델에 명령을 보내며, 모델은 핵심 기능과 데이터를 보관하고, 뷰는 사용자에게 정보를 표시한다.",22,concept
89,1,캡슐화,"데이터와 데이터를 처리하는 함수를 하나로 묶는 것을 의미하며, 외부 모듈 변경으로 인한 파급 효과가 적은 개념은?",캡슐화,상속,다형성,추상화,1,"캡슐화는 데이터와 함수를 하나로 묶어 인터페이스를 단순화하고 재사용을 용이하게 하며, 외부 변경의 파급 효과를 줄인다.",23,concept
90,1,캡슐화,"데이터와 데이터를 처리하는 함수를 하나로 묶는 것을 의미하며, 외부 모듈 변경으로 인한 파급 효과가 적은 개념은?",상속,다형성,추상화,캡슐화,4,"캡슐화는 데이터와 함수를 하나로 묶어 인터페이스를 단순화하고 재사용을 용이하게 하며, 외부 변경의 파급 효과를 줄인다.",23,concept
91,1,캡슐화,"다음 중 데이터와 데이터를 처리하는 함수를 하나로 묶는 것을 의미하며, 외부 모듈 변경으로 인한 파급 효과가 적은 개념은?",다형성,추상화,캡슐화,상속,3,"캡슐화는 데이터와 함수를 하나로 묶어 인터페이스를 단순화하고 재사용을 용이하게 하며, 외부 변경의 파급 효과를 줄인다.",23,concept
92,1,캡슐화,"보기 중에서 데이터와 데이터를 처리하는 함수를 하나로 묶는 것을 의미하며, 외부 모듈 변경으로 인한 파급 효과가 적은 개념은?",추상화,다형성,상속,캡슐화,4,"캡슐화는 데이터와 함수를 하나로 묶어 인터페이스를 단순화하고 재사용을 용이하게 하며, 외부 변경의 파급 효과를 줄인다.",23,concept
93,1,상속,상위 클래스(부모 클래스)의 모든 속성과 연산을 하위 클래스(자식 클래스)가 물려받는 객체지향 개념은?,캡슐화,상속,다형성,정보은닉,2,상속은 상위 클래스의 속성과 연산을 하위 클래스가 그대로 물려받는 개념이다.,24,concept
94,1,상속,상위 클래스(부모 클래스)의 모든 속성과 연산을 하위 클래스(자식 클래스)가 물려받는 객체지향 개념은?,상속,다형성,정보은닉,캡슐화,1,상속은 상위 클래스의 속성과 연산을 하위 클래스가 그대로 물려받는 개념이다.,24,concept
95,1,상속,다음 중 상위 클래스(부모 클래스)의 모든 속성과 연산을 하위 클래스(자식 클래스)가 물려받는 객체지향 개념은?,다형성,정보은닉,캡슐화,상속,4,상속은 상위 클래스의 속성과 연산을 하위 클래스가 그대로 물려받는 개념이다.,24,concept
96,1,상속,보기 중에서 상위 클래스(부모 클래스)의 모든 속성과 연산을 하위 클래스(자식 클래스)가 물려받는 객체지향 개념은?,정보은닉,다형성,상속,캡슐화,3,상속은 상위 클래스의 속성과 연산을 하위 클래스가 그대로 물려받는 개념이다.,24,concept
97,1,다형성,메소드 이름은 같지만 인수의 자료형과 개수를 달리하여 여러 기능을 정의하는 다형성은?,오버로딩(Overloading),오버라이딩(Overriding),캡슐화,상속,1,"오버로딩은 같은 이름의 메소드를 매개변수만 다르게 여러 개 정의하는 것이고, 오버라이딩은 부모 클래스의 메소드를 자식 클래스에서 재정의하는 것이다.",25,concept
98,1,다형성,메소드 이름은 같지만 인수의 자료형과 개수를 달리하여 여러 기능을 정의하는 다형성은?,오버라이딩(Overriding),캡슐화,상속,오버로딩(Overloading),4,"오버로딩은 같은 이름의 메소드를 매개변수만 다르게 여러 개 정의하는 것이고, 오버라이딩은 부모 클래스의 메소드를 자식 클래스에서 재정의하는 것이다.",25,concept
99,1,다형성,다음 중 메소드 이름은 같지만 인수의 자료형과 개수를 달리하여 여러 기능을 정의하는 다형성은?,캡슐화,상속,오버로딩(Overloading),오버라이딩(Overriding),3,"오버로딩은 같은 이름의 메소드를 매개변수만 다르게 여러 개 정의하는 것이고, 오버라이딩은 부모 클래스의 메소드를 자식 클래스에서 재정의하는 것이다.",25,concept
100,1,다형성,보기 중에서 메소드 이름은 같지만 인수의 자료형과 개수를 달리하여 여러 기능을 정의하는 다형성은?,상속,캡슐화,오버라이딩(Overriding),오버로딩(Overloading),4,"오버로딩은 같은 이름의 메소드를 매개변수만 다르게 여러 개 정의하는 것이고, 오버라이딩은 부모 클래스의 메소드를 자식 클래스에서 재정의하는 것이다.",25,concept
101,1,럼바우 분석기법,"럼바우(Rumbaugh)의 분석 기법 중, 상태 다이어그램을 이용해 객체들 간의 동적인 행위를 표현하는 모델링은?",객체(Object) 모델링,동적(Dynamic) 모델링,기능(Functional) 모델링,정적(Static) 모델링,2,"객체 모델링은 객체 간 관계를 객체 다이어그램으로, 동적 모델링은 상태 다이어그램으로 동적 행위를, 기능 모델링은 자료흐름도로 자료 흐름을 표현한다.",26,concept
102,1,럼바우 분석기법,"럼바우(Rumbaugh)의 분석 기법 중, 상태 다이어그램을 이용해 객체들 간의 동적인 행위를 표현하는 모델링은?",동적(Dynamic) 모델링,기능(Functional) 모델링,정적(Static) 모델링,객체(Object) 모델링,1,"객체 모델링은 객체 간 관계를 객체 다이어그램으로, 동적 모델링은 상태 다이어그램으로 동적 행위를, 기능 모델링은 자료흐름도로 자료 흐름을 표현한다.",26,concept
103,1,럼바우 분석기법,"다음 중 럼바우(Rumbaugh)의 분석 기법 중, 상태 다이어그램을 이용해 객체들 간의 동적인 행위를 표현하는 모델링은?",기능(Functional) 모델링,정적(Static) 모델링,객체(Object) 모델링,동적(Dynamic) 모델링,4,"객체 모델링은 객체 간 관계를 객체 다이어그램으로, 동적 모델링은 상태 다이어그램으로 동적 행위를, 기능 모델링은 자료흐름도로 자료 흐름을 표현한다.",26,concept
104,1,럼바우 분석기법,"보기 중에서 럼바우(Rumbaugh)의 분석 기법 중, 상태 다이어그램을 이용해 객체들 간의 동적인 행위를 표현하는 모델링은?",정적(Static) 모델링,기능(Functional) 모델링,동적(Dynamic) 모델링,객체(Object) 모델링,3,"객체 모델링은 객체 간 관계를 객체 다이어그램으로, 동적 모델링은 상태 다이어그램으로 동적 행위를, 기능 모델링은 자료흐름도로 자료 흐름을 표현한다.",26,concept
105,1,SOLID 원칙,"객체지향 설계 원칙(SOLID) 중, 기존 코드를 변경하지 않고 기능을 추가할 수 있도록 설계해야 한다는 원칙은?",단일 책임 원칙(SRP),개방-폐쇄 원칙(OCP),리스코프 치환 원칙(LSP),의존 역전 원칙(DIP),2,개방-폐쇄 원칙(OCP)은 확장에는 열려 있고 변경에는 닫혀 있어야 한다는 원칙이다.,27,concept
106,1,SOLID 원칙,"객체지향 설계 원칙(SOLID) 중, 기존 코드를 변경하지 않고 기능을 추가할 수 있도록 설계해야 한다는 원칙은?",개방-폐쇄 원칙(OCP),리스코프 치환 원칙(LSP),의존 역전 원칙(DIP),단일 책임 원칙(SRP),1,개방-폐쇄 원칙(OCP)은 확장에는 열려 있고 변경에는 닫혀 있어야 한다는 원칙이다.,27,concept
107,1,SOLID 원칙,"다음 중 객체지향 설계 원칙(SOLID) 중, 기존 코드를 변경하지 않고 기능을 추가할 수 있도록 설계해야 한다는 원칙은?",리스코프 치환 원칙(LSP),의존 역전 원칙(DIP),단일 책임 원칙(SRP),개방-폐쇄 원칙(OCP),4,개방-폐쇄 원칙(OCP)은 확장에는 열려 있고 변경에는 닫혀 있어야 한다는 원칙이다.,27,concept
108,1,SOLID 원칙,"보기 중에서 객체지향 설계 원칙(SOLID) 중, 기존 코드를 변경하지 않고 기능을 추가할 수 있도록 설계해야 한다는 원칙은?",의존 역전 원칙(DIP),리스코프 치환 원칙(LSP),개방-폐쇄 원칙(OCP),단일 책임 원칙(SRP),3,개방-폐쇄 원칙(OCP)은 확장에는 열려 있고 변경에는 닫혀 있어야 한다는 원칙이다.,27,concept
109,1,결합도 크기순,모듈 간의 결합도(Coupling)를 약한 것부터 강한 순으로 나열한 것은?,자료→스탬프→제어→외부→공통→내용,내용→공통→외부→제어→스탬프→자료,자료→제어→스탬프→공통→외부→내용,공통→내용→자료→제어→스탬프→외부,1,결합도는 자료(Data)→스탬프(Stamp)→제어(Control)→외부(External)→공통(Common)→내용(Content) 결합도 순으로 강해진다.,28,concept
110,1,결합도 크기순,모듈 간의 결합도(Coupling)를 약한 것부터 강한 순으로 나열한 것은?,내용→공통→외부→제어→스탬프→자료,자료→제어→스탬프→공통→외부→내용,공통→내용→자료→제어→스탬프→외부,자료→스탬프→제어→외부→공통→내용,4,결합도는 자료(Data)→스탬프(Stamp)→제어(Control)→외부(External)→공통(Common)→내용(Content) 결합도 순으로 강해진다.,28,concept
111,1,결합도 크기순,다음 중 모듈 간의 결합도(Coupling)를 약한 것부터 강한 순으로 나열한 것은?,자료→제어→스탬프→공통→외부→내용,공통→내용→자료→제어→스탬프→외부,자료→스탬프→제어→외부→공통→내용,내용→공통→외부→제어→스탬프→자료,3,결합도는 자료(Data)→스탬프(Stamp)→제어(Control)→외부(External)→공통(Common)→내용(Content) 결합도 순으로 강해진다.,28,concept
112,1,결합도 크기순,보기 중에서 모듈 간의 결합도(Coupling)를 약한 것부터 강한 순으로 나열한 것은?,공통→내용→자료→제어→스탬프→외부,자료→제어→스탬프→공통→외부→내용,내용→공통→외부→제어→스탬프→자료,자료→스탬프→제어→외부→공통→내용,4,결합도는 자료(Data)→스탬프(Stamp)→제어(Control)→외부(External)→공통(Common)→내용(Content) 결합도 순으로 강해진다.,28,concept
113,1,결합도 종류,배열이나 레코드 등의 자료구조가 전달될 때 발생하는 결합도는?,자료 결합도,스탬프 결합도,제어 결합도,내용 결합도,2,"스탬프 결합도는 배열·레코드 등 자료구조 자체가 전달될 때의 결합도이며, 자료 결합도는 단순 자료 요소로만 구성될 때의 결합도이다.",29,concept
114,1,결합도 종류,배열이나 레코드 등의 자료구조가 전달될 때 발생하는 결합도는?,스탬프 결합도,제어 결합도,내용 결합도,자료 결합도,1,"스탬프 결합도는 배열·레코드 등 자료구조 자체가 전달될 때의 결합도이며, 자료 결합도는 단순 자료 요소로만 구성될 때의 결합도이다.",29,concept
115,1,결합도 종류,다음 중 배열이나 레코드 등의 자료구조가 전달될 때 발생하는 결합도는?,제어 결합도,내용 결합도,자료 결합도,스탬프 결합도,4,"스탬프 결합도는 배열·레코드 등 자료구조 자체가 전달될 때의 결합도이며, 자료 결합도는 단순 자료 요소로만 구성될 때의 결합도이다.",29,concept
116,1,결합도 종류,보기 중에서 배열이나 레코드 등의 자료구조가 전달될 때 발생하는 결합도는?,내용 결합도,제어 결합도,스탬프 결합도,자료 결합도,3,"스탬프 결합도는 배열·레코드 등 자료구조 자체가 전달될 때의 결합도이며, 자료 결합도는 단순 자료 요소로만 구성될 때의 결합도이다.",29,concept
117,1,응집도 크기순,모듈의 응집도(Cohesion)를 약한 것부터 강한 순으로 나열한 것은?,우연적→논리적→시간적→절차적→교환적→순차적→기능적,기능적→순차적→교환적→절차적→시간적→논리적→우연적,논리적→우연적→절차적→시간적→순차적→교환적→기능적,시간적→우연적→논리적→기능적→절차적→교환적→순차적,1,응집도는 우연적→논리적→시간적→절차적→교환적→순차적→기능적 응집도 순으로 강해진다.,30,concept
118,1,응집도 크기순,모듈의 응집도(Cohesion)를 약한 것부터 강한 순으로 나열한 것은?,기능적→순차적→교환적→절차적→시간적→논리적→우연적,논리적→우연적→절차적→시간적→순차적→교환적→기능적,시간적→우연적→논리적→기능적→절차적→교환적→순차적,우연적→논리적→시간적→절차적→교환적→순차적→기능적,4,응집도는 우연적→논리적→시간적→절차적→교환적→순차적→기능적 응집도 순으로 강해진다.,30,concept
119,1,응집도 크기순,다음 중 모듈의 응집도(Cohesion)를 약한 것부터 강한 순으로 나열한 것은?,논리적→우연적→절차적→시간적→순차적→교환적→기능적,시간적→우연적→논리적→기능적→절차적→교환적→순차적,우연적→논리적→시간적→절차적→교환적→순차적→기능적,기능적→순차적→교환적→절차적→시간적→논리적→우연적,3,응집도는 우연적→논리적→시간적→절차적→교환적→순차적→기능적 응집도 순으로 강해진다.,30,concept
120,1,응집도 크기순,보기 중에서 모듈의 응집도(Cohesion)를 약한 것부터 강한 순으로 나열한 것은?,시간적→우연적→논리적→기능적→절차적→교환적→순차적,논리적→우연적→절차적→시간적→순차적→교환적→기능적,기능적→순차적→교환적→절차적→시간적→논리적→우연적,우연적→논리적→시간적→절차적→교환적→순차적→기능적,4,응집도는 우연적→논리적→시간적→절차적→교환적→순차적→기능적 응집도 순으로 강해진다.,30,concept
121,1,팬인/팬아웃,어떤 모듈에 의해 제어(호출)되는 모듈의 수를 의미하는 것은?,팬인(Fan-In),팬아웃(Fan-Out),결합도,응집도,2,"팬인은 어떤 모듈을 제어(호출)하는 모듈의 수, 팬아웃은 어떤 모듈에 의해 제어(호출)되는 모듈의 수를 의미한다.",31,concept
122,1,팬인/팬아웃,어떤 모듈에 의해 제어(호출)되는 모듈의 수를 의미하는 것은?,팬아웃(Fan-Out),결합도,응집도,팬인(Fan-In),1,"팬인은 어떤 모듈을 제어(호출)하는 모듈의 수, 팬아웃은 어떤 모듈에 의해 제어(호출)되는 모듈의 수를 의미한다.",31,concept
123,1,팬인/팬아웃,다음 중 어떤 모듈에 의해 제어(호출)되는 모듈의 수를 의미하는 것은?,결합도,응집도,팬인(Fan-In),팬아웃(Fan-Out),4,"팬인은 어떤 모듈을 제어(호출)하는 모듈의 수, 팬아웃은 어떤 모듈에 의해 제어(호출)되는 모듈의 수를 의미한다.",31,concept
124,1,팬인/팬아웃,보기 중에서 어떤 모듈에 의해 제어(호출)되는 모듈의 수를 의미하는 것은?,응집도,결합도,팬아웃(Fan-Out),팬인(Fan-In),3,"팬인은 어떤 모듈을 제어(호출)하는 모듈의 수, 팬아웃은 어떤 모듈에 의해 제어(호출)되는 모듈의 수를 의미한다.",31,concept
125,1,재사용 규모,재사용 규모에 따른 분류에 해당하지 않는 것은?,함수와 객체,컴포넌트,애플리케이션,네트워크,4,"재사용은 규모에 따라 함수와 객체, 컴포넌트, 애플리케이션 단위로 분류된다.",32,concept
126,1,재사용 규모,재사용 규모에 따른 분류에 해당하지 않는 것은?,컴포넌트,애플리케이션,네트워크,함수와 객체,3,"재사용은 규모에 따라 함수와 객체, 컴포넌트, 애플리케이션 단위로 분류된다.",32,concept
127,1,재사용 규모,다음 중 재사용 규모에 따른 분류에 해당하지 않는 것은?,애플리케이션,네트워크,함수와 객체,컴포넌트,2,"재사용은 규모에 따라 함수와 객체, 컴포넌트, 애플리케이션 단위로 분류된다.",32,concept
128,1,재사용 규모,보기 중에서 재사용 규모에 따른 분류에 해당하지 않는 것은?,네트워크,애플리케이션,컴포넌트,함수와 객체,1,"재사용은 규모에 따라 함수와 객체, 컴포넌트, 애플리케이션 단위로 분류된다.",32,concept
129,1,디자인 패턴 유형,디자인 패턴(Design Pattern)의 3가지 유형에 해당하지 않는 것은?,생성 패턴,구조 패턴,행위 패턴,통합 패턴,4,"디자인 패턴은 생성(Creational), 구조(Structural), 행위(Behavioral) 패턴으로 분류된다.",33,concept
130,1,디자인 패턴 유형,디자인 패턴(Design Pattern)의 3가지 유형에 해당하지 않는 것은?,구조 패턴,행위 패턴,통합 패턴,생성 패턴,3,"디자인 패턴은 생성(Creational), 구조(Structural), 행위(Behavioral) 패턴으로 분류된다.",33,concept
131,1,디자인 패턴 유형,다음 중 디자인 패턴(Design Pattern)의 3가지 유형에 해당하지 않는 것은?,행위 패턴,통합 패턴,생성 패턴,구조 패턴,2,"디자인 패턴은 생성(Creational), 구조(Structural), 행위(Behavioral) 패턴으로 분류된다.",33,concept
132,1,디자인 패턴 유형,보기 중에서 디자인 패턴(Design Pattern)의 3가지 유형에 해당하지 않는 것은?,통합 패턴,행위 패턴,구조 패턴,생성 패턴,1,"디자인 패턴은 생성(Creational), 구조(Structural), 행위(Behavioral) 패턴으로 분류된다.",33,concept
133,1,생성 패턴,생성된 객체를 여러 프로세스가 동시에 참조할 수 없도록 하나의 인스턴스만 생성하는 생성 패턴은?,추상 팩토리(Abstract Factory),빌더(Builder),싱글톤(Singleton),프로토타입(Prototype),3,싱글톤 패턴은 클래스의 인스턴스를 하나만 생성하여 어디서든 동일한 인스턴스를 참조하도록 하는 패턴이다.,34,concept
134,1,생성 패턴,생성된 객체를 여러 프로세스가 동시에 참조할 수 없도록 하나의 인스턴스만 생성하는 생성 패턴은?,빌더(Builder),싱글톤(Singleton),프로토타입(Prototype),추상 팩토리(Abstract Factory),2,싱글톤 패턴은 클래스의 인스턴스를 하나만 생성하여 어디서든 동일한 인스턴스를 참조하도록 하는 패턴이다.,34,concept
135,1,생성 패턴,다음 중 생성된 객체를 여러 프로세스가 동시에 참조할 수 없도록 하나의 인스턴스만 생성하는 생성 패턴은?,싱글톤(Singleton),프로토타입(Prototype),추상 팩토리(Abstract Factory),빌더(Builder),1,싱글톤 패턴은 클래스의 인스턴스를 하나만 생성하여 어디서든 동일한 인스턴스를 참조하도록 하는 패턴이다.,34,concept
136,1,생성 패턴,보기 중에서 생성된 객체를 여러 프로세스가 동시에 참조할 수 없도록 하나의 인스턴스만 생성하는 생성 패턴은?,프로토타입(Prototype),싱글톤(Singleton),빌더(Builder),추상 팩토리(Abstract Factory),2,싱글톤 패턴은 클래스의 인스턴스를 하나만 생성하여 어디서든 동일한 인스턴스를 참조하도록 하는 패턴이다.,34,concept
137,1,구조 패턴,복합 객체와 단일 객체를 구분 없이 다루고자 할 때 사용하는 구조 패턴은?,어댑터(Adapter),브리지(Bridge),컴포지트(Composite),프록시(Proxy),3,컴포지트 패턴은 전체-부분 계층을 트리 구조로 구성해 복합 객체와 단일 객체를 구분 없이 다룰 수 있게 한다.,35,concept
138,1,구조 패턴,복합 객체와 단일 객체를 구분 없이 다루고자 할 때 사용하는 구조 패턴은?,브리지(Bridge),컴포지트(Composite),프록시(Proxy),어댑터(Adapter),2,컴포지트 패턴은 전체-부분 계층을 트리 구조로 구성해 복합 객체와 단일 객체를 구분 없이 다룰 수 있게 한다.,35,concept
139,1,구조 패턴,다음 중 복합 객체와 단일 객체를 구분 없이 다루고자 할 때 사용하는 구조 패턴은?,컴포지트(Composite),프록시(Proxy),어댑터(Adapter),브리지(Bridge),1,컴포지트 패턴은 전체-부분 계층을 트리 구조로 구성해 복합 객체와 단일 객체를 구분 없이 다룰 수 있게 한다.,35,concept
140,1,구조 패턴,보기 중에서 복합 객체와 단일 객체를 구분 없이 다루고자 할 때 사용하는 구조 패턴은?,프록시(Proxy),컴포지트(Composite),브리지(Bridge),어댑터(Adapter),2,컴포지트 패턴은 전체-부분 계층을 트리 구조로 구성해 복합 객체와 단일 객체를 구분 없이 다룰 수 있게 한다.,35,concept
141,1,행위 패턴,객체의 상태에 따라 동일한 동작을 다르게 처리해야 할 때 사용하는 행위 패턴은?,옵서버(Observer),상태(State),전략(Strategy),커맨드(Command),2,상태 패턴은 객체의 내부 상태에 따라 동일한 동작이 다르게 수행되도록 하는 패턴이다.,36,concept
142,1,행위 패턴,객체의 상태에 따라 동일한 동작을 다르게 처리해야 할 때 사용하는 행위 패턴은?,상태(State),전략(Strategy),커맨드(Command),옵서버(Observer),1,상태 패턴은 객체의 내부 상태에 따라 동일한 동작이 다르게 수행되도록 하는 패턴이다.,36,concept
143,1,행위 패턴,다음 중 객체의 상태에 따라 동일한 동작을 다르게 처리해야 할 때 사용하는 행위 패턴은?,전략(Strategy),커맨드(Command),옵서버(Observer),상태(State),4,상태 패턴은 객체의 내부 상태에 따라 동일한 동작이 다르게 수행되도록 하는 패턴이다.,36,concept
144,1,행위 패턴,보기 중에서 객체의 상태에 따라 동일한 동작을 다르게 처리해야 할 때 사용하는 행위 패턴은?,커맨드(Command),전략(Strategy),상태(State),옵서버(Observer),3,상태 패턴은 객체의 내부 상태에 따라 동일한 동작이 다르게 수행되도록 하는 패턴이다.,36,concept
145,1,요구사항 검증방법,"작성자를 제외한 다른 검토 전문가들이 결함을 발견하는, 공식적인 요구사항 검증 방법은?",동료검토(Peer Review),워크스루(Walk Through),인스펙션(Inspection),동료 리뷰,3,"인스펙션은 작성자를 제외한 전문가들이 결함을 찾는 공식적인 검토 방법으로, 동료검토·워크스루는 비공식적인 방법이다.",37,concept
146,1,요구사항 검증방법,"작성자를 제외한 다른 검토 전문가들이 결함을 발견하는, 공식적인 요구사항 검증 방법은?",워크스루(Walk Through),인스펙션(Inspection),동료 리뷰,동료검토(Peer Review),2,"인스펙션은 작성자를 제외한 전문가들이 결함을 찾는 공식적인 검토 방법으로, 동료검토·워크스루는 비공식적인 방법이다.",37,concept
147,1,요구사항 검증방법,"다음 중 작성자를 제외한 다른 검토 전문가들이 결함을 발견하는, 공식적인 요구사항 검증 방법은?",인스펙션(Inspection),동료 리뷰,동료검토(Peer Review),워크스루(Walk Through),1,"인스펙션은 작성자를 제외한 전문가들이 결함을 찾는 공식적인 검토 방법으로, 동료검토·워크스루는 비공식적인 방법이다.",37,concept
148,1,요구사항 검증방법,"보기 중에서 작성자를 제외한 다른 검토 전문가들이 결함을 발견하는, 공식적인 요구사항 검증 방법은?",동료 리뷰,인스펙션(Inspection),워크스루(Walk Through),동료검토(Peer Review),2,"인스펙션은 작성자를 제외한 전문가들이 결함을 찾는 공식적인 검토 방법으로, 동료검토·워크스루는 비공식적인 방법이다.",37,concept
149,1,미들웨어,미들웨어(Middleware)에 대한 설명으로 옳지 않은 것은?,분산 컴퓨팅 환경에서 서로 다른 기종 간을 연결한다.,운영체제와 응용프로그램 사이에서 서비스를 제공한다.,위치 투명성을 제공한다.,사용자가 내부 동작을 직접 확인할 수 있어야 한다.,4,"미들웨어의 내부 동작은 사용자가 직접 확인하기 어려우며, 확인하려면 별도의 응용 소프트웨어가 필요하다.",38,concept
150,1,미들웨어,미들웨어(Middleware)에 대한 설명으로 옳지 않은 것은?,운영체제와 응용프로그램 사이에서 서비스를 제공한다.,위치 투명성을 제공한다.,사용자가 내부 동작을 직접 확인할 수 있어야 한다.,분산 컴퓨팅 환경에서 서로 다른 기종 간을 연결한다.,3,"미들웨어의 내부 동작은 사용자가 직접 확인하기 어려우며, 확인하려면 별도의 응용 소프트웨어가 필요하다.",38,concept
151,1,미들웨어,다음 중 미들웨어(Middleware)에 대한 설명으로 옳지 않은 것은?,위치 투명성을 제공한다.,사용자가 내부 동작을 직접 확인할 수 있어야 한다.,분산 컴퓨팅 환경에서 서로 다른 기종 간을 연결한다.,운영체제와 응용프로그램 사이에서 서비스를 제공한다.,2,"미들웨어의 내부 동작은 사용자가 직접 확인하기 어려우며, 확인하려면 별도의 응용 소프트웨어가 필요하다.",38,concept
152,1,미들웨어,보기 중에서 미들웨어(Middleware)에 대한 설명으로 옳지 않은 것은?,사용자가 내부 동작을 직접 확인할 수 있어야 한다.,위치 투명성을 제공한다.,운영체제와 응용프로그램 사이에서 서비스를 제공한다.,분산 컴퓨팅 환경에서 서로 다른 기종 간을 연결한다.,1,"미들웨어의 내부 동작은 사용자가 직접 확인하기 어려우며, 확인하려면 별도의 응용 소프트웨어가 필요하다.",38,concept
153,2,자료구조 분류,다음 중 비선형 구조에 해당하는 것은?,스택(Stack),큐(Queue),트리(Tree),데크(Deque),3,"자료구조는 선형(배열·리스트·스택·큐·데크)과 비선형(트리·그래프) 구조로 분류되며, 트리는 비선형 구조에 해당한다.",39,concept
154,2,자료구조 분류,다음 중 비선형 구조에 해당하는 것은?,큐(Queue),트리(Tree),데크(Deque),스택(Stack),2,"자료구조는 선형(배열·리스트·스택·큐·데크)과 비선형(트리·그래프) 구조로 분류되며, 트리는 비선형 구조에 해당한다.",39,concept
155,2,자료구조 분류,다음 중 비선형 구조에 해당하는 것은?,트리(Tree),데크(Deque),스택(Stack),큐(Queue),1,"자료구조는 선형(배열·리스트·스택·큐·데크)과 비선형(트리·그래프) 구조로 분류되며, 트리는 비선형 구조에 해당한다.",39,concept
156,2,자료구조 분류,다음 중 비선형 구조에 해당하는 것은?,데크(Deque),트리(Tree),큐(Queue),스택(Stack),2,"자료구조는 선형(배열·리스트·스택·큐·데크)과 비선형(트리·그래프) 구조로 분류되며, 트리는 비선형 구조에 해당한다.",39,concept
157,2,스택,가장 나중에 삽입된 자료가 가장 먼저 삭제되는 후입선출(LIFO) 방식의 자료구조는?,스택(Stack),큐(Queue),데크(Deque),트리(Tree),1,스택은 한쪽 끝에서만 삽입·삭제가 이루어지는 후입선출(LIFO) 자료구조이다.,40,concept
158,2,스택,가장 나중에 삽입된 자료가 가장 먼저 삭제되는 후입선출(LIFO) 방식의 자료구조는?,큐(Queue),데크(Deque),트리(Tree),스택(Stack),4,스택은 한쪽 끝에서만 삽입·삭제가 이루어지는 후입선출(LIFO) 자료구조이다.,40,concept
159,2,스택,다음 중 가장 나중에 삽입된 자료가 가장 먼저 삭제되는 후입선출(LIFO) 방식의 자료구조는?,데크(Deque),트리(Tree),스택(Stack),큐(Queue),3,스택은 한쪽 끝에서만 삽입·삭제가 이루어지는 후입선출(LIFO) 자료구조이다.,40,concept
160,2,스택,보기 중에서 가장 나중에 삽입된 자료가 가장 먼저 삭제되는 후입선출(LIFO) 방식의 자료구조는?,트리(Tree),데크(Deque),큐(Queue),스택(Stack),4,스택은 한쪽 끝에서만 삽입·삭제가 이루어지는 후입선출(LIFO) 자료구조이다.,40,concept
161,2,스택 응용,다음 중 스택(Stack)의 응용 분야가 아닌 것은?,인터럽트의 처리,수식 계산 및 표기법 변환,서브루틴 호출 및 복귀주소 저장,우선순위가 높은 작업 순서 처리,4,"우선순위가 높은 작업을 먼저 처리하는 것은 큐/우선순위 큐의 응용이며, 스택은 인터럽트 처리, 수식 계산, 서브루틴 복귀주소 저장 등에 사용된다.",41,concept
162,2,스택 응용,다음 중 스택(Stack)의 응용 분야가 아닌 것은?,수식 계산 및 표기법 변환,서브루틴 호출 및 복귀주소 저장,우선순위가 높은 작업 순서 처리,인터럽트의 처리,3,"우선순위가 높은 작업을 먼저 처리하는 것은 큐/우선순위 큐의 응용이며, 스택은 인터럽트 처리, 수식 계산, 서브루틴 복귀주소 저장 등에 사용된다.",41,concept
163,2,스택 응용,다음 중 스택(Stack)의 응용 분야가 아닌 것은?,서브루틴 호출 및 복귀주소 저장,우선순위가 높은 작업 순서 처리,인터럽트의 처리,수식 계산 및 표기법 변환,2,"우선순위가 높은 작업을 먼저 처리하는 것은 큐/우선순위 큐의 응용이며, 스택은 인터럽트 처리, 수식 계산, 서브루틴 복귀주소 저장 등에 사용된다.",41,concept
164,2,스택 응용,다음 중 스택(Stack)의 응용 분야가 아닌 것은?,우선순위가 높은 작업 순서 처리,서브루틴 호출 및 복귀주소 저장,수식 계산 및 표기법 변환,인터럽트의 처리,1,"우선순위가 높은 작업을 먼저 처리하는 것은 큐/우선순위 큐의 응용이며, 스택은 인터럽트 처리, 수식 계산, 서브루틴 복귀주소 저장 등에 사용된다.",41,concept
165,2,그래프 최대 간선수,정점이 n개인 무방향 그래프의 최대 간선(Edge) 수는?,n(n-1)/2,n(n-1),n²,n(n+1)/2,1,"무방향 그래프의 최대 간선 수는 n(n-1)/2, 방향 그래프의 최대 간선 수는 n(n-1)이다.",42,concept
166,2,그래프 최대 간선수,정점이 n개인 무방향 그래프의 최대 간선(Edge) 수는?,n(n-1),n²,n(n+1)/2,n(n-1)/2,4,"무방향 그래프의 최대 간선 수는 n(n-1)/2, 방향 그래프의 최대 간선 수는 n(n-1)이다.",42,concept
167,2,그래프 최대 간선수,다음 중 정점이 n개인 무방향 그래프의 최대 간선(Edge) 수는?,n²,n(n+1)/2,n(n-1)/2,n(n-1),3,"무방향 그래프의 최대 간선 수는 n(n-1)/2, 방향 그래프의 최대 간선 수는 n(n-1)이다.",42,concept
168,2,그래프 최대 간선수,보기 중에서 정점이 n개인 무방향 그래프의 최대 간선(Edge) 수는?,n(n+1)/2,n²,n(n-1),n(n-1)/2,4,"무방향 그래프의 최대 간선 수는 n(n-1)/2, 방향 그래프의 최대 간선 수는 n(n-1)이다.",42,concept
169,2,트리 용어,"트리(Tree)에서 자식이 하나도 없는 노드, 즉 디그리(차수)가 0인 노드를 의미하는 것은?",루트 노드(Root Node),단말 노드(Terminal Node),형제 노드(Sibling Node),부모 노드(Parent Node),2,"단말 노드(리프 노드)는 자식이 없는, 즉 디그리가 0인 노드를 의미한다.",43,concept
170,2,트리 용어,"트리(Tree)에서 자식이 하나도 없는 노드, 즉 디그리(차수)가 0인 노드를 의미하는 것은?",단말 노드(Terminal Node),형제 노드(Sibling Node),부모 노드(Parent Node),루트 노드(Root Node),1,"단말 노드(리프 노드)는 자식이 없는, 즉 디그리가 0인 노드를 의미한다.",43,concept
171,2,트리 용어,"다음 중 트리(Tree)에서 자식이 하나도 없는 노드, 즉 디그리(차수)가 0인 노드를 의미하는 것은?",형제 노드(Sibling Node),부모 노드(Parent Node),루트 노드(Root Node),단말 노드(Terminal Node),4,"단말 노드(리프 노드)는 자식이 없는, 즉 디그리가 0인 노드를 의미한다.",43,concept
172,2,트리 용어,"보기 중에서 트리(Tree)에서 자식이 하나도 없는 노드, 즉 디그리(차수)가 0인 노드를 의미하는 것은?",부모 노드(Parent Node),형제 노드(Sibling Node),단말 노드(Terminal Node),루트 노드(Root Node),3,"단말 노드(리프 노드)는 자식이 없는, 즉 디그리가 0인 노드를 의미한다.",43,concept
173,2,이분 검색,이분 검색(이진 검색)에 대한 설명으로 옳지 않은 것은?,검색할 데이터가 정렬되어 있어야 한다.,비교할 때마다 검색 대상 데이터 수가 절반으로 줄어든다.,탐색 효율이 좋고 탐색 시간이 적게 소요된다.,정렬되지 않은 데이터에서도 빠르게 검색할 수 있다.,4,"이분 검색은 반드시 정렬된 데이터를 대상으로 하며, 정렬되지 않은 데이터에는 적용할 수 없다.",44,concept
174,2,이분 검색,이분 검색(이진 검색)에 대한 설명으로 옳지 않은 것은?,비교할 때마다 검색 대상 데이터 수가 절반으로 줄어든다.,탐색 효율이 좋고 탐색 시간이 적게 소요된다.,정렬되지 않은 데이터에서도 빠르게 검색할 수 있다.,검색할 데이터가 정렬되어 있어야 한다.,3,"이분 검색은 반드시 정렬된 데이터를 대상으로 하며, 정렬되지 않은 데이터에는 적용할 수 없다.",44,concept
175,2,이분 검색,다음 중 이분 검색(이진 검색)에 대한 설명으로 옳지 않은 것은?,탐색 효율이 좋고 탐색 시간이 적게 소요된다.,정렬되지 않은 데이터에서도 빠르게 검색할 수 있다.,검색할 데이터가 정렬되어 있어야 한다.,비교할 때마다 검색 대상 데이터 수가 절반으로 줄어든다.,2,"이분 검색은 반드시 정렬된 데이터를 대상으로 하며, 정렬되지 않은 데이터에는 적용할 수 없다.",44,concept
176,2,이분 검색,보기 중에서 이분 검색(이진 검색)에 대한 설명으로 옳지 않은 것은?,정렬되지 않은 데이터에서도 빠르게 검색할 수 있다.,탐색 효율이 좋고 탐색 시간이 적게 소요된다.,비교할 때마다 검색 대상 데이터 수가 절반으로 줄어든다.,검색할 데이터가 정렬되어 있어야 한다.,1,"이분 검색은 반드시 정렬된 데이터를 대상으로 하며, 정렬되지 않은 데이터에는 적용할 수 없다.",44,concept
177,2,해싱 함수,레코드 키 값(K)을 해시표 크기보다 큰 수 중 가장 작은 소수(Q)로 나눈 나머지를 홈 주소로 삼는 해싱 함수는?,제산법(Division),제곱법(Mid-Square),폴딩법(Folding),숫자 분석법(Digit Analysis),1,제산법은 키 값을 해시표 크기보다 큰 최소 소수로 나눈 나머지를 홈 주소로 삼는 방식이다.,45,concept
178,2,해싱 함수,레코드 키 값(K)을 해시표 크기보다 큰 수 중 가장 작은 소수(Q)로 나눈 나머지를 홈 주소로 삼는 해싱 함수는?,제곱법(Mid-Square),폴딩법(Folding),숫자 분석법(Digit Analysis),제산법(Division),4,제산법은 키 값을 해시표 크기보다 큰 최소 소수로 나눈 나머지를 홈 주소로 삼는 방식이다.,45,concept
179,2,해싱 함수,다음 중 레코드 키 값(K)을 해시표 크기보다 큰 수 중 가장 작은 소수(Q)로 나눈 나머지를 홈 주소로 삼는 해싱 함수는?,폴딩법(Folding),숫자 분석법(Digit Analysis),제산법(Division),제곱법(Mid-Square),3,제산법은 키 값을 해시표 크기보다 큰 최소 소수로 나눈 나머지를 홈 주소로 삼는 방식이다.,45,concept
180,2,해싱 함수,보기 중에서 레코드 키 값(K)을 해시표 크기보다 큰 수 중 가장 작은 소수(Q)로 나눈 나머지를 홈 주소로 삼는 해싱 함수는?,숫자 분석법(Digit Analysis),폴딩법(Folding),제곱법(Mid-Square),제산법(Division),4,제산법은 키 값을 해시표 크기보다 큰 최소 소수로 나눈 나머지를 홈 주소로 삼는 방식이다.,45,concept
181,2,스택 응용,"PUSH와 POP 연산 중, 스택에서 자료를 출력하는 명령은?",PUSH,POP,PEEK,TOP,2,"PUSH는 스택에 자료를 입력하는 명령, POP은 스택에서 자료를 출력(삭제)하는 명령이다.",46,concept
182,2,스택 응용,"PUSH와 POP 연산 중, 스택에서 자료를 출력하는 명령은?",POP,PEEK,TOP,PUSH,1,"PUSH는 스택에 자료를 입력하는 명령, POP은 스택에서 자료를 출력(삭제)하는 명령이다.",46,concept
183,2,스택 응용,"다음 중 PUSH와 POP 연산 중, 스택에서 자료를 출력하는 명령은?",PEEK,TOP,PUSH,POP,4,"PUSH는 스택에 자료를 입력하는 명령, POP은 스택에서 자료를 출력(삭제)하는 명령이다.",46,concept
184,2,스택 응용,"보기 중에서 PUSH와 POP 연산 중, 스택에서 자료를 출력하는 명령은?",TOP,PEEK,POP,PUSH,3,"PUSH는 스택에 자료를 입력하는 명령, POP은 스택에서 자료를 출력(삭제)하는 명령이다.",46,concept
185,2,빌드 자동화 도구,다음 중 Groovy를 기반으로 한 오픈소스 빌드 자동화 도구는?,Ant,Maven,Jenkins,Gradle,4,"Gradle은 Groovy 기반의 오픈소스 빌드 자동화 도구이며, Jenkins는 JAVA 기반의 빌드 자동화 도구이다.",47,concept
186,2,빌드 자동화 도구,다음 중 Groovy를 기반으로 한 오픈소스 빌드 자동화 도구는?,Maven,Jenkins,Gradle,Ant,3,"Gradle은 Groovy 기반의 오픈소스 빌드 자동화 도구이며, Jenkins는 JAVA 기반의 빌드 자동화 도구이다.",47,concept
187,2,빌드 자동화 도구,다음 중 Groovy를 기반으로 한 오픈소스 빌드 자동화 도구는?,Jenkins,Gradle,Ant,Maven,2,"Gradle은 Groovy 기반의 오픈소스 빌드 자동화 도구이며, Jenkins는 JAVA 기반의 빌드 자동화 도구이다.",47,concept
188,2,빌드 자동화 도구,다음 중 Groovy를 기반으로 한 오픈소스 빌드 자동화 도구는?,Gradle,Jenkins,Maven,Ant,1,"Gradle은 Groovy 기반의 오픈소스 빌드 자동화 도구이며, Jenkins는 JAVA 기반의 빌드 자동화 도구이다.",47,concept
189,2,소프트웨어 패키징,소프트웨어 패키징에 대한 설명으로 옳지 않은 것은?,모듈별 실행 파일을 묶어 배포용 설치 파일을 만드는 것이다.,개발자가 아니라 사용자를 중심으로 진행한다.,내부 콘텐츠에 대한 암호화 및 보안을 고려한다.,패키징 이후에는 지속적인 변경 관리가 불필요하다.,4,소프트웨어 패키징 후에도 다양한 환경에서의 배포·변경 관리가 지속적으로 고려되어야 한다.,48,concept
190,2,소프트웨어 패키징,소프트웨어 패키징에 대한 설명으로 옳지 않은 것은?,개발자가 아니라 사용자를 중심으로 진행한다.,내부 콘텐츠에 대한 암호화 및 보안을 고려한다.,패키징 이후에는 지속적인 변경 관리가 불필요하다.,모듈별 실행 파일을 묶어 배포용 설치 파일을 만드는 것이다.,3,소프트웨어 패키징 후에도 다양한 환경에서의 배포·변경 관리가 지속적으로 고려되어야 한다.,48,concept
191,2,소프트웨어 패키징,다음 중 소프트웨어 패키징에 대한 설명으로 옳지 않은 것은?,내부 콘텐츠에 대한 암호화 및 보안을 고려한다.,패키징 이후에는 지속적인 변경 관리가 불필요하다.,모듈별 실행 파일을 묶어 배포용 설치 파일을 만드는 것이다.,개발자가 아니라 사용자를 중심으로 진행한다.,2,소프트웨어 패키징 후에도 다양한 환경에서의 배포·변경 관리가 지속적으로 고려되어야 한다.,48,concept
192,2,소프트웨어 패키징,보기 중에서 소프트웨어 패키징에 대한 설명으로 옳지 않은 것은?,패키징 이후에는 지속적인 변경 관리가 불필요하다.,내부 콘텐츠에 대한 암호화 및 보안을 고려한다.,개발자가 아니라 사용자를 중심으로 진행한다.,모듈별 실행 파일을 묶어 배포용 설치 파일을 만드는 것이다.,1,소프트웨어 패키징 후에도 다양한 환경에서의 배포·변경 관리가 지속적으로 고려되어야 한다.,48,concept
193,2,DRM 구성요소,"디지털 저작권 관리(DRM) 구성 요소 중, 콘텐츠를 메타데이터와 함께 배포 가능한 형태로 묶어 암호화하는 프로그램은?",클리어링 하우스,콘텐츠 제공자,패키저(Packager),DRM 컨트롤러,3,패키저는 콘텐츠를 메타데이터와 함께 배포 가능한 형태로 묶어 암호화하는 프로그램이다.,49,concept
194,2,DRM 구성요소,"디지털 저작권 관리(DRM) 구성 요소 중, 콘텐츠를 메타데이터와 함께 배포 가능한 형태로 묶어 암호화하는 프로그램은?",콘텐츠 제공자,패키저(Packager),DRM 컨트롤러,클리어링 하우스,2,패키저는 콘텐츠를 메타데이터와 함께 배포 가능한 형태로 묶어 암호화하는 프로그램이다.,49,concept
195,2,DRM 구성요소,"다음 중 디지털 저작권 관리(DRM) 구성 요소 중, 콘텐츠를 메타데이터와 함께 배포 가능한 형태로 묶어 암호화하는 프로그램은?",패키저(Packager),DRM 컨트롤러,클리어링 하우스,콘텐츠 제공자,1,패키저는 콘텐츠를 메타데이터와 함께 배포 가능한 형태로 묶어 암호화하는 프로그램이다.,49,concept
196,2,DRM 구성요소,"보기 중에서 디지털 저작권 관리(DRM) 구성 요소 중, 콘텐츠를 메타데이터와 함께 배포 가능한 형태로 묶어 암호화하는 프로그램은?",DRM 컨트롤러,패키저(Packager),콘텐츠 제공자,클리어링 하우스,2,패키저는 콘텐츠를 메타데이터와 함께 배포 가능한 형태로 묶어 암호화하는 프로그램이다.,49,concept
197,2,형상관리,"형상 관리(SCM)의 주요 기능 중, 프로그램을 수정하기 위해 저장소에서 파일을 받아오는 것은?",체크아웃(Check-Out),체크인(Check-In),커밋(Commit),머지(Merge),1,"체크아웃은 파일을 저장소에서 받아오는 것, 체크인은 수정을 완료한 파일을 저장소에 새 버전으로 갱신하는 것이다.",50,concept
198,2,형상관리,"형상 관리(SCM)의 주요 기능 중, 프로그램을 수정하기 위해 저장소에서 파일을 받아오는 것은?",체크인(Check-In),커밋(Commit),머지(Merge),체크아웃(Check-Out),4,"체크아웃은 파일을 저장소에서 받아오는 것, 체크인은 수정을 완료한 파일을 저장소에 새 버전으로 갱신하는 것이다.",50,concept
199,2,형상관리,"다음 중 형상 관리(SCM)의 주요 기능 중, 프로그램을 수정하기 위해 저장소에서 파일을 받아오는 것은?",커밋(Commit),머지(Merge),체크아웃(Check-Out),체크인(Check-In),3,"체크아웃은 파일을 저장소에서 받아오는 것, 체크인은 수정을 완료한 파일을 저장소에 새 버전으로 갱신하는 것이다.",50,concept
200,2,형상관리,"보기 중에서 형상 관리(SCM)의 주요 기능 중, 프로그램을 수정하기 위해 저장소에서 파일을 받아오는 것은?",머지(Merge),커밋(Commit),체크인(Check-In),체크아웃(Check-Out),4,"체크아웃은 파일을 저장소에서 받아오는 것, 체크인은 수정을 완료한 파일을 저장소에 새 버전으로 갱신하는 것이다.",50,concept
201,2,파레토 법칙,소프트웨어 테스트에서 오류의 80%는 전체 모듈의 20% 내에서 발견된다는 법칙은?,파레토 법칙(Pareto Principle),무어의 법칙,브룩스의 법칙,옴의 법칙,1,파레토 법칙은 오류의 80%가 전체 모듈의 20% 내에서 발견된다는 경험적 법칙이다.,51,concept
202,2,파레토 법칙,소프트웨어 테스트에서 오류의 80%는 전체 모듈의 20% 내에서 발견된다는 법칙은?,무어의 법칙,브룩스의 법칙,옴의 법칙,파레토 법칙(Pareto Principle),4,파레토 법칙은 오류의 80%가 전체 모듈의 20% 내에서 발견된다는 경험적 법칙이다.,51,concept
203,2,파레토 법칙,다음 중 소프트웨어 테스트에서 오류의 80%는 전체 모듈의 20% 내에서 발견된다는 법칙은?,브룩스의 법칙,옴의 법칙,파레토 법칙(Pareto Principle),무어의 법칙,3,파레토 법칙은 오류의 80%가 전체 모듈의 20% 내에서 발견된다는 경험적 법칙이다.,51,concept
204,2,파레토 법칙,보기 중에서 소프트웨어 테스트에서 오류의 80%는 전체 모듈의 20% 내에서 발견된다는 법칙은?,옴의 법칙,브룩스의 법칙,무어의 법칙,파레토 법칙(Pareto Principle),4,파레토 법칙은 오류의 80%가 전체 모듈의 20% 내에서 발견된다는 경험적 법칙이다.,51,concept
205,2,화이트박스 테스트,모듈의 원시 코드를 오픈시킨 상태에서 논리적인 모든 경로를 테스트하는 방법은?,화이트박스 테스트,블랙박스 테스트,인수 테스트,회귀 테스트,1,화이트박스 테스트는 원시 코드의 논리적 경로(제어 구조)를 대상으로 테스트 케이스를 설계하는 기법이다.,52,concept
206,2,화이트박스 테스트,모듈의 원시 코드를 오픈시킨 상태에서 논리적인 모든 경로를 테스트하는 방법은?,블랙박스 테스트,인수 테스트,회귀 테스트,화이트박스 테스트,4,화이트박스 테스트는 원시 코드의 논리적 경로(제어 구조)를 대상으로 테스트 케이스를 설계하는 기법이다.,52,concept
207,2,화이트박스 테스트,다음 중 모듈의 원시 코드를 오픈시킨 상태에서 논리적인 모든 경로를 테스트하는 방법은?,인수 테스트,회귀 테스트,화이트박스 테스트,블랙박스 테스트,3,화이트박스 테스트는 원시 코드의 논리적 경로(제어 구조)를 대상으로 테스트 케이스를 설계하는 기법이다.,52,concept
208,2,화이트박스 테스트,보기 중에서 모듈의 원시 코드를 오픈시킨 상태에서 논리적인 모든 경로를 테스트하는 방법은?,회귀 테스트,인수 테스트,블랙박스 테스트,화이트박스 테스트,4,화이트박스 테스트는 원시 코드의 논리적 경로(제어 구조)를 대상으로 테스트 케이스를 설계하는 기법이다.,52,concept
209,2,블랙박스 테스트 종류,다음 중 블랙박스 테스트 기법이 아닌 것은?,동치분할검사,경계값분석,기초경로검사,원인-효과 그래프검사,3,"기초경로검사는 화이트박스 테스트 기법이며, 동치분할검사·경계값분석·원인-효과그래프검사·오류예측검사·비교검사는 블랙박스 테스트 기법이다.",53,concept
210,2,블랙박스 테스트 종류,다음 중 블랙박스 테스트 기법이 아닌 것은?,경계값분석,기초경로검사,원인-효과 그래프검사,동치분할검사,2,"기초경로검사는 화이트박스 테스트 기법이며, 동치분할검사·경계값분석·원인-효과그래프검사·오류예측검사·비교검사는 블랙박스 테스트 기법이다.",53,concept
211,2,블랙박스 테스트 종류,다음 중 블랙박스 테스트 기법이 아닌 것은?,기초경로검사,원인-효과 그래프검사,동치분할검사,경계값분석,1,"기초경로검사는 화이트박스 테스트 기법이며, 동치분할검사·경계값분석·원인-효과그래프검사·오류예측검사·비교검사는 블랙박스 테스트 기법이다.",53,concept
212,2,블랙박스 테스트 종류,다음 중 블랙박스 테스트 기법이 아닌 것은?,원인-효과 그래프검사,기초경로검사,경계값분석,동치분할검사,2,"기초경로검사는 화이트박스 테스트 기법이며, 동치분할검사·경계값분석·원인-효과그래프검사·오류예측검사·비교검사는 블랙박스 테스트 기법이다.",53,concept
213,2,인수 테스트,"선정된 최종 사용자가 여러 명의 사용자 앞에서 행하는, 필드 테스팅이라고도 불리는 인수 테스트는?",알파 테스트,베타 테스트,회귀 테스트,형상 테스트,2,"베타 테스트는 실제 사용자가 사용 환경에서 수행하는 테스트로 필드 테스팅이라고도 하며, 알파 테스트는 개발자 앞에서 사용자가 수행하는 테스트이다.",54,concept
214,2,인수 테스트,"선정된 최종 사용자가 여러 명의 사용자 앞에서 행하는, 필드 테스팅이라고도 불리는 인수 테스트는?",베타 테스트,회귀 테스트,형상 테스트,알파 테스트,1,"베타 테스트는 실제 사용자가 사용 환경에서 수행하는 테스트로 필드 테스팅이라고도 하며, 알파 테스트는 개발자 앞에서 사용자가 수행하는 테스트이다.",54,concept
215,2,인수 테스트,"다음 중 선정된 최종 사용자가 여러 명의 사용자 앞에서 행하는, 필드 테스팅이라고도 불리는 인수 테스트는?",회귀 테스트,형상 테스트,알파 테스트,베타 테스트,4,"베타 테스트는 실제 사용자가 사용 환경에서 수행하는 테스트로 필드 테스팅이라고도 하며, 알파 테스트는 개발자 앞에서 사용자가 수행하는 테스트이다.",54,concept
216,2,인수 테스트,"보기 중에서 선정된 최종 사용자가 여러 명의 사용자 앞에서 행하는, 필드 테스팅이라고도 불리는 인수 테스트는?",형상 테스트,회귀 테스트,베타 테스트,알파 테스트,3,"베타 테스트는 실제 사용자가 사용 환경에서 수행하는 테스트로 필드 테스팅이라고도 하며, 알파 테스트는 개발자 앞에서 사용자가 수행하는 테스트이다.",54,concept
217,2,테스트 드라이버/스텁,"테스트 대상의 하위 모듈을 호출하고 매개변수를 전달하는, 상향식 통합 테스트에 사용되는 도구는?",테스트 드라이버(Test Driver),테스트 스텁(Test Stub),테스트 슈트(Test Suite),테스트 케이스(Test Case),1,"테스트 드라이버는 하위 모듈을 호출하는 가상 모듈로 상향식 통합 테스트에, 테스트 스텁은 상위 모듈을 대신하는 시험용 모듈로 하향식 통합 테스트에 사용된다.",55,concept
218,2,테스트 드라이버/스텁,"테스트 대상의 하위 모듈을 호출하고 매개변수를 전달하는, 상향식 통합 테스트에 사용되는 도구는?",테스트 스텁(Test Stub),테스트 슈트(Test Suite),테스트 케이스(Test Case),테스트 드라이버(Test Driver),4,"테스트 드라이버는 하위 모듈을 호출하는 가상 모듈로 상향식 통합 테스트에, 테스트 스텁은 상위 모듈을 대신하는 시험용 모듈로 하향식 통합 테스트에 사용된다.",55,concept
219,2,테스트 드라이버/스텁,"다음 중 테스트 대상의 하위 모듈을 호출하고 매개변수를 전달하는, 상향식 통합 테스트에 사용되는 도구는?",테스트 슈트(Test Suite),테스트 케이스(Test Case),테스트 드라이버(Test Driver),테스트 스텁(Test Stub),3,"테스트 드라이버는 하위 모듈을 호출하는 가상 모듈로 상향식 통합 테스트에, 테스트 스텁은 상위 모듈을 대신하는 시험용 모듈로 하향식 통합 테스트에 사용된다.",55,concept
220,2,테스트 드라이버/스텁,"보기 중에서 테스트 대상의 하위 모듈을 호출하고 매개변수를 전달하는, 상향식 통합 테스트에 사용되는 도구는?",테스트 케이스(Test Case),테스트 슈트(Test Suite),테스트 스텁(Test Stub),테스트 드라이버(Test Driver),4,"테스트 드라이버는 하위 모듈을 호출하는 가상 모듈로 상향식 통합 테스트에, 테스트 스텁은 상위 모듈을 대신하는 시험용 모듈로 하향식 통합 테스트에 사용된다.",55,concept
221,2,테스트 오라클,테스트 결과가 올바른지 판단하기 위해 사전에 정의된 참값을 대입하여 비교하는 기법 및 활동은?,테스트 오라클(Test Oracle),테스트 드라이버,테스트 스텁,테스트 슈트,1,"테스트 오라클은 참오라클, 샘플링오라클, 추정오라클, 일관성검사오라클 등으로 나뉘며 예상 결과와 실제 결과를 비교하는 기준을 제공한다.",56,concept
222,2,테스트 오라클,테스트 결과가 올바른지 판단하기 위해 사전에 정의된 참값을 대입하여 비교하는 기법 및 활동은?,테스트 드라이버,테스트 스텁,테스트 슈트,테스트 오라클(Test Oracle),4,"테스트 오라클은 참오라클, 샘플링오라클, 추정오라클, 일관성검사오라클 등으로 나뉘며 예상 결과와 실제 결과를 비교하는 기준을 제공한다.",56,concept
223,2,테스트 오라클,다음 중 테스트 결과가 올바른지 판단하기 위해 사전에 정의된 참값을 대입하여 비교하는 기법 및 활동은?,테스트 스텁,테스트 슈트,테스트 오라클(Test Oracle),테스트 드라이버,3,"테스트 오라클은 참오라클, 샘플링오라클, 추정오라클, 일관성검사오라클 등으로 나뉘며 예상 결과와 실제 결과를 비교하는 기준을 제공한다.",56,concept
224,2,테스트 오라클,보기 중에서 테스트 결과가 올바른지 판단하기 위해 사전에 정의된 참값을 대입하여 비교하는 기법 및 활동은?,테스트 슈트,테스트 스텁,테스트 드라이버,테스트 오라클(Test Oracle),4,"테스트 오라클은 참오라클, 샘플링오라클, 추정오라클, 일관성검사오라클 등으로 나뉘며 예상 결과와 실제 결과를 비교하는 기준을 제공한다.",56,concept
225,2,시간 복잡도,입력값(n)에 관계없이 일정하게 하나의 단계만을 거쳐 문제를 해결하는 시간 복잡도는?,O(1),O(n),O(n log n),O(n²),1,"O(1)은 입력 크기와 관계없이 일정한 시간이 걸리는 복잡도로, 스택의 Push·Pop 연산이 대표적이다.",57,concept
226,2,시간 복잡도,입력값(n)에 관계없이 일정하게 하나의 단계만을 거쳐 문제를 해결하는 시간 복잡도는?,O(n),O(n log n),O(n²),O(1),4,"O(1)은 입력 크기와 관계없이 일정한 시간이 걸리는 복잡도로, 스택의 Push·Pop 연산이 대표적이다.",57,concept
227,2,시간 복잡도,다음 중 입력값(n)에 관계없이 일정하게 하나의 단계만을 거쳐 문제를 해결하는 시간 복잡도는?,O(n log n),O(n²),O(1),O(n),3,"O(1)은 입력 크기와 관계없이 일정한 시간이 걸리는 복잡도로, 스택의 Push·Pop 연산이 대표적이다.",57,concept
228,2,시간 복잡도,보기 중에서 입력값(n)에 관계없이 일정하게 하나의 단계만을 거쳐 문제를 해결하는 시간 복잡도는?,O(n²),O(n log n),O(n),O(1),4,"O(1)은 입력 크기와 관계없이 일정한 시간이 걸리는 복잡도로, 스택의 Push·Pop 연산이 대표적이다.",57,concept
229,2,클린 코드 원칙,"클린 코드 작성 원칙 중, 코드가 다른 모듈에 미치는 영향을 최소화하는 원칙은?",가독성,단순성,의존성 배제,중복성 최소화,3,"의존성 배제는 코드가 다른 모듈에 미치는 영향을 최소화하는 원칙이며, 가독성·단순성·중복성 최소화·추상화와 함께 클린 코드의 5대 원칙을 이룬다.",58,concept
230,2,클린 코드 원칙,"클린 코드 작성 원칙 중, 코드가 다른 모듈에 미치는 영향을 최소화하는 원칙은?",단순성,의존성 배제,중복성 최소화,가독성,2,"의존성 배제는 코드가 다른 모듈에 미치는 영향을 최소화하는 원칙이며, 가독성·단순성·중복성 최소화·추상화와 함께 클린 코드의 5대 원칙을 이룬다.",58,concept
231,2,클린 코드 원칙,"다음 중 클린 코드 작성 원칙 중, 코드가 다른 모듈에 미치는 영향을 최소화하는 원칙은?",의존성 배제,중복성 최소화,가독성,단순성,1,"의존성 배제는 코드가 다른 모듈에 미치는 영향을 최소화하는 원칙이며, 가독성·단순성·중복성 최소화·추상화와 함께 클린 코드의 5대 원칙을 이룬다.",58,concept
232,2,클린 코드 원칙,"보기 중에서 클린 코드 작성 원칙 중, 코드가 다른 모듈에 미치는 영향을 최소화하는 원칙은?",중복성 최소화,의존성 배제,단순성,가독성,2,"의존성 배제는 코드가 다른 모듈에 미치는 영향을 최소화하는 원칙이며, 가독성·단순성·중복성 최소화·추상화와 함께 클린 코드의 5대 원칙을 이룬다.",58,concept
233,2,EAI 구축유형,단일 접점인 허브 시스템을 통해 데이터를 전송하는 중앙집중형 EAI 구축 방식은?,Point-to-Point,Hub & Spoke,Message Bus,Hybrid,2,"Hub & Spoke는 단일 허브를 통한 중앙집중형 방식이며, Point-to-Point는 애플리케이션을 1:1로 연결하는 방식이다.",59,concept
234,2,EAI 구축유형,단일 접점인 허브 시스템을 통해 데이터를 전송하는 중앙집중형 EAI 구축 방식은?,Hub & Spoke,Message Bus,Hybrid,Point-to-Point,1,"Hub & Spoke는 단일 허브를 통한 중앙집중형 방식이며, Point-to-Point는 애플리케이션을 1:1로 연결하는 방식이다.",59,concept
235,2,EAI 구축유형,다음 중 단일 접점인 허브 시스템을 통해 데이터를 전송하는 중앙집중형 EAI 구축 방식은?,Message Bus,Hybrid,Point-to-Point,Hub & Spoke,4,"Hub & Spoke는 단일 허브를 통한 중앙집중형 방식이며, Point-to-Point는 애플리케이션을 1:1로 연결하는 방식이다.",59,concept
236,2,EAI 구축유형,보기 중에서 단일 접점인 허브 시스템을 통해 데이터를 전송하는 중앙집중형 EAI 구축 방식은?,Hybrid,Message Bus,Hub & Spoke,Point-to-Point,3,"Hub & Spoke는 단일 허브를 통한 중앙집중형 방식이며, Point-to-Point는 애플리케이션을 1:1로 연결하는 방식이다.",59,concept
237,2,인터페이스 구현검증도구,"다양한 언어에 적용되는 단위 테스트 프레임워크로, JUnit·NUnit 등이 포함되는 것은?",xUnit,STAF,FitNesse,watir,1,"xUnit은 JUnit, CppUnit, NUnit, HttpUnit 등 다양한 언어에 적용되는 단위 테스트 프레임워크의 총칭이다.",60,concept
238,2,인터페이스 구현검증도구,"다양한 언어에 적용되는 단위 테스트 프레임워크로, JUnit·NUnit 등이 포함되는 것은?",STAF,FitNesse,watir,xUnit,4,"xUnit은 JUnit, CppUnit, NUnit, HttpUnit 등 다양한 언어에 적용되는 단위 테스트 프레임워크의 총칭이다.",60,concept
239,2,인터페이스 구현검증도구,"다음 중 다양한 언어에 적용되는 단위 테스트 프레임워크로, JUnit·NUnit 등이 포함되는 것은?",FitNesse,watir,xUnit,STAF,3,"xUnit은 JUnit, CppUnit, NUnit, HttpUnit 등 다양한 언어에 적용되는 단위 테스트 프레임워크의 총칭이다.",60,concept
240,2,인터페이스 구현검증도구,"보기 중에서 다양한 언어에 적용되는 단위 테스트 프레임워크로, JUnit·NUnit 등이 포함되는 것은?",watir,FitNesse,STAF,xUnit,4,"xUnit은 JUnit, CppUnit, NUnit, HttpUnit 등 다양한 언어에 적용되는 단위 테스트 프레임워크의 총칭이다.",60,concept
241,3,데이터베이스 설계 단계,"논리적 구조로 표현된 데이터를 물리적 구조의 데이터로 변환하며, 저장 레코드의 형식과 접근 경로를 결정하는 설계 단계는?",개념적 설계,논리적 설계,물리적 설계,요구조건 분석,3,"물리적 설계는 논리적 구조를 물리적 구조로 변환하며 저장 레코드 형식, 접근 경로 등을 결정하는 단계이다.",61,concept
242,3,데이터베이스 설계 단계,"논리적 구조로 표현된 데이터를 물리적 구조의 데이터로 변환하며, 저장 레코드의 형식과 접근 경로를 결정하는 설계 단계는?",논리적 설계,물리적 설계,요구조건 분석,개념적 설계,2,"물리적 설계는 논리적 구조를 물리적 구조로 변환하며 저장 레코드 형식, 접근 경로 등을 결정하는 단계이다.",61,concept
243,3,데이터베이스 설계 단계,"다음 중 논리적 구조로 표현된 데이터를 물리적 구조의 데이터로 변환하며, 저장 레코드의 형식과 접근 경로를 결정하는 설계 단계는?",물리적 설계,요구조건 분석,개념적 설계,논리적 설계,1,"물리적 설계는 논리적 구조를 물리적 구조로 변환하며 저장 레코드 형식, 접근 경로 등을 결정하는 단계이다.",61,concept
244,3,데이터베이스 설계 단계,"보기 중에서 논리적 구조로 표현된 데이터를 물리적 구조의 데이터로 변환하며, 저장 레코드의 형식과 접근 경로를 결정하는 설계 단계는?",요구조건 분석,물리적 설계,논리적 설계,개념적 설계,2,"물리적 설계는 논리적 구조를 물리적 구조로 변환하며 저장 레코드 형식, 접근 경로 등을 결정하는 단계이다.",61,concept
245,3,튜플과 카디널리티,"릴레이션을 구성하는 각각의 행(Row)을 의미하며, 그 수를 카디널리티라고 부르는 것은?",튜플(Tuple),속성(Attribute),도메인(Domain),스키마(Schema),1,"튜플은 릴레이션을 구성하는 각 행이며, 튜플의 수를 카디널리티(Cardinality)라고 한다.",62,concept
246,3,튜플과 카디널리티,"릴레이션을 구성하는 각각의 행(Row)을 의미하며, 그 수를 카디널리티라고 부르는 것은?",속성(Attribute),도메인(Domain),스키마(Schema),튜플(Tuple),4,"튜플은 릴레이션을 구성하는 각 행이며, 튜플의 수를 카디널리티(Cardinality)라고 한다.",62,concept
247,3,튜플과 카디널리티,"다음 중 릴레이션을 구성하는 각각의 행(Row)을 의미하며, 그 수를 카디널리티라고 부르는 것은?",도메인(Domain),스키마(Schema),튜플(Tuple),속성(Attribute),3,"튜플은 릴레이션을 구성하는 각 행이며, 튜플의 수를 카디널리티(Cardinality)라고 한다.",62,concept
248,3,튜플과 카디널리티,"보기 중에서 릴레이션을 구성하는 각각의 행(Row)을 의미하며, 그 수를 카디널리티라고 부르는 것은?",스키마(Schema),도메인(Domain),속성(Attribute),튜플(Tuple),4,"튜플은 릴레이션을 구성하는 각 행이며, 튜플의 수를 카디널리티(Cardinality)라고 한다.",62,concept
249,3,속성과 디그리,"데이터베이스를 구성하는 가장 작은 논리적 단위이며, 그 수를 디그리(차수)라고 부르는 것은?",튜플(Tuple),속성(Attribute),도메인(Domain),인스턴스(Instance),2,"속성은 데이터베이스를 구성하는 가장 작은 논리적 단위이며, 속성의 수를 디그리(Degree, 차수)라고 한다.",63,concept
250,3,속성과 디그리,"데이터베이스를 구성하는 가장 작은 논리적 단위이며, 그 수를 디그리(차수)라고 부르는 것은?",속성(Attribute),도메인(Domain),인스턴스(Instance),튜플(Tuple),1,"속성은 데이터베이스를 구성하는 가장 작은 논리적 단위이며, 속성의 수를 디그리(Degree, 차수)라고 한다.",63,concept
251,3,속성과 디그리,"다음 중 데이터베이스를 구성하는 가장 작은 논리적 단위이며, 그 수를 디그리(차수)라고 부르는 것은?",도메인(Domain),인스턴스(Instance),튜플(Tuple),속성(Attribute),4,"속성은 데이터베이스를 구성하는 가장 작은 논리적 단위이며, 속성의 수를 디그리(Degree, 차수)라고 한다.",63,concept
252,3,속성과 디그리,"보기 중에서 데이터베이스를 구성하는 가장 작은 논리적 단위이며, 그 수를 디그리(차수)라고 부르는 것은?",인스턴스(Instance),도메인(Domain),속성(Attribute),튜플(Tuple),3,"속성은 데이터베이스를 구성하는 가장 작은 논리적 단위이며, 속성의 수를 디그리(Degree, 차수)라고 한다.",63,concept
253,3,후보키,"릴레이션에서 튜플을 유일하게 식별하기 위해 사용하는 속성들의 부분집합으로, 유일성과 최소성을 모두 만족해야 하는 키는?",후보키(Candidate Key),슈퍼키(Super Key),대체키(Alternate Key),외래키(Foreign Key),1,"후보키는 유일성과 최소성을 모두 만족하는 키이며, 슈퍼키는 유일성만 만족하고 최소성은 만족하지 못한다.",64,concept
254,3,후보키,"릴레이션에서 튜플을 유일하게 식별하기 위해 사용하는 속성들의 부분집합으로, 유일성과 최소성을 모두 만족해야 하는 키는?",슈퍼키(Super Key),대체키(Alternate Key),외래키(Foreign Key),후보키(Candidate Key),4,"후보키는 유일성과 최소성을 모두 만족하는 키이며, 슈퍼키는 유일성만 만족하고 최소성은 만족하지 못한다.",64,concept
255,3,후보키,"다음 중 릴레이션에서 튜플을 유일하게 식별하기 위해 사용하는 속성들의 부분집합으로, 유일성과 최소성을 모두 만족해야 하는 키는?",대체키(Alternate Key),외래키(Foreign Key),후보키(Candidate Key),슈퍼키(Super Key),3,"후보키는 유일성과 최소성을 모두 만족하는 키이며, 슈퍼키는 유일성만 만족하고 최소성은 만족하지 못한다.",64,concept
256,3,후보키,"보기 중에서 릴레이션에서 튜플을 유일하게 식별하기 위해 사용하는 속성들의 부분집합으로, 유일성과 최소성을 모두 만족해야 하는 키는?",외래키(Foreign Key),대체키(Alternate Key),슈퍼키(Super Key),후보키(Candidate Key),4,"후보키는 유일성과 최소성을 모두 만족하는 키이며, 슈퍼키는 유일성만 만족하고 최소성은 만족하지 못한다.",64,concept
257,3,기본키,"후보키 중 특별히 선정된 주키로, 중복된 값이나 NULL 값을 가질 수 없는 키는?",기본키(Primary Key),대체키(Alternate Key),슈퍼키(Super Key),외래키(Foreign Key),1,기본키는 후보키 중 선정된 주키로 중복값·NULL값을 가질 수 없다.,65,concept
258,3,기본키,"후보키 중 특별히 선정된 주키로, 중복된 값이나 NULL 값을 가질 수 없는 키는?",대체키(Alternate Key),슈퍼키(Super Key),외래키(Foreign Key),기본키(Primary Key),4,기본키는 후보키 중 선정된 주키로 중복값·NULL값을 가질 수 없다.,65,concept
259,3,기본키,"다음 중 후보키 중 특별히 선정된 주키로, 중복된 값이나 NULL 값을 가질 수 없는 키는?",슈퍼키(Super Key),외래키(Foreign Key),기본키(Primary Key),대체키(Alternate Key),3,기본키는 후보키 중 선정된 주키로 중복값·NULL값을 가질 수 없다.,65,concept
260,3,기본키,"보기 중에서 후보키 중 특별히 선정된 주키로, 중복된 값이나 NULL 값을 가질 수 없는 키는?",외래키(Foreign Key),슈퍼키(Super Key),대체키(Alternate Key),기본키(Primary Key),4,기본키는 후보키 중 선정된 주키로 중복값·NULL값을 가질 수 없다.,65,concept
261,3,무결성,외래키 값은 NULL이거나 참조 릴레이션의 기본키 값과 동일해야 한다는 무결성 규정은?,개체 무결성,참조 무결성,도메인 무결성,사용자 정의 무결성,2,"참조 무결성은 외래키 값이 NULL이거나 참조하는 릴레이션의 기본키 값과 일치해야 한다는 규정이며, 개체 무결성은 기본키가 NULL이나 중복값을 가질 수 없다는 규정이다.",66,concept
262,3,무결성,외래키 값은 NULL이거나 참조 릴레이션의 기본키 값과 동일해야 한다는 무결성 규정은?,참조 무결성,도메인 무결성,사용자 정의 무결성,개체 무결성,1,"참조 무결성은 외래키 값이 NULL이거나 참조하는 릴레이션의 기본키 값과 일치해야 한다는 규정이며, 개체 무결성은 기본키가 NULL이나 중복값을 가질 수 없다는 규정이다.",66,concept
263,3,무결성,다음 중 외래키 값은 NULL이거나 참조 릴레이션의 기본키 값과 동일해야 한다는 무결성 규정은?,도메인 무결성,사용자 정의 무결성,개체 무결성,참조 무결성,4,"참조 무결성은 외래키 값이 NULL이거나 참조하는 릴레이션의 기본키 값과 일치해야 한다는 규정이며, 개체 무결성은 기본키가 NULL이나 중복값을 가질 수 없다는 규정이다.",66,concept
264,3,무결성,보기 중에서 외래키 값은 NULL이거나 참조 릴레이션의 기본키 값과 동일해야 한다는 무결성 규정은?,사용자 정의 무결성,도메인 무결성,참조 무결성,개체 무결성,3,"참조 무결성은 외래키 값이 NULL이거나 참조하는 릴레이션의 기본키 값과 일치해야 한다는 규정이며, 개체 무결성은 기본키가 NULL이나 중복값을 가질 수 없다는 규정이다.",66,concept
265,3,관계대수 연산자,릴레이션에서 주어진 속성 리스트의 값만을 추출해 새로운 릴레이션을 만드는 순수 관계 연산자는?,Select(σ),Project(π),Join,Division,2,"Project(π)는 속성(열) 값만을 추출하는 연산이며, Select(σ)는 조건을 만족하는 튜플(행)을 선택하는 연산이다.",67,concept
266,3,관계대수 연산자,릴레이션에서 주어진 속성 리스트의 값만을 추출해 새로운 릴레이션을 만드는 순수 관계 연산자는?,Project(π),Join,Division,Select(σ),1,"Project(π)는 속성(열) 값만을 추출하는 연산이며, Select(σ)는 조건을 만족하는 튜플(행)을 선택하는 연산이다.",67,concept
267,3,관계대수 연산자,다음 중 릴레이션에서 주어진 속성 리스트의 값만을 추출해 새로운 릴레이션을 만드는 순수 관계 연산자는?,Join,Division,Select(σ),Project(π),4,"Project(π)는 속성(열) 값만을 추출하는 연산이며, Select(σ)는 조건을 만족하는 튜플(행)을 선택하는 연산이다.",67,concept
268,3,관계대수 연산자,보기 중에서 릴레이션에서 주어진 속성 리스트의 값만을 추출해 새로운 릴레이션을 만드는 순수 관계 연산자는?,Division,Join,Project(π),Select(σ),3,"Project(π)는 속성(열) 값만을 추출하는 연산이며, Select(σ)는 조건을 만족하는 튜플(행)을 선택하는 연산이다.",67,concept
269,3,정규화,"함수적 종속성 등을 이용해 잘못 설계된 관계형 스키마를 더 작은 속성 세트로 쪼개는 과정으로, 데이터 중복을 배제하는 것은?",정규화(Normalization),반정규화(Denormalization),역정규화,이상(Anomaly),1,정규화는 함수적 종속성을 이용해 스키마를 더 작은 속성 세트로 분해하여 데이터 중복(이상 현상)을 배제하는 논리적 설계 과정이다.,68,concept
270,3,정규화,"함수적 종속성 등을 이용해 잘못 설계된 관계형 스키마를 더 작은 속성 세트로 쪼개는 과정으로, 데이터 중복을 배제하는 것은?",반정규화(Denormalization),역정규화,이상(Anomaly),정규화(Normalization),4,정규화는 함수적 종속성을 이용해 스키마를 더 작은 속성 세트로 분해하여 데이터 중복(이상 현상)을 배제하는 논리적 설계 과정이다.,68,concept
271,3,정규화,"다음 중 함수적 종속성 등을 이용해 잘못 설계된 관계형 스키마를 더 작은 속성 세트로 쪼개는 과정으로, 데이터 중복을 배제하는 것은?",역정규화,이상(Anomaly),정규화(Normalization),반정규화(Denormalization),3,정규화는 함수적 종속성을 이용해 스키마를 더 작은 속성 세트로 분해하여 데이터 중복(이상 현상)을 배제하는 논리적 설계 과정이다.,68,concept
272,3,정규화,"보기 중에서 함수적 종속성 등을 이용해 잘못 설계된 관계형 스키마를 더 작은 속성 세트로 쪼개는 과정으로, 데이터 중복을 배제하는 것은?",이상(Anomaly),역정규화,반정규화(Denormalization),정규화(Normalization),4,정규화는 함수적 종속성을 이용해 스키마를 더 작은 속성 세트로 분해하여 데이터 중복(이상 현상)을 배제하는 논리적 설계 과정이다.,68,concept
273,3,정규화 과정,정규화 과정에서 '부분적 함수 종속'을 제거하면 도달하는 정규형은?,제1정규형(1NF),제2정규형(2NF),제3정규형(3NF),BCNF,2,"1NF(도메인이 원자값)에서 부분적 함수 종속을 제거하면 2NF, 2NF에서 이행적 함수 종속을 제거하면 3NF가 된다.",69,concept
274,3,정규화 과정,정규화 과정에서 '부분적 함수 종속'을 제거하면 도달하는 정규형은?,제2정규형(2NF),제3정규형(3NF),BCNF,제1정규형(1NF),1,"1NF(도메인이 원자값)에서 부분적 함수 종속을 제거하면 2NF, 2NF에서 이행적 함수 종속을 제거하면 3NF가 된다.",69,concept
275,3,정규화 과정,다음 중 정규화 과정에서 '부분적 함수 종속'을 제거하면 도달하는 정규형은?,제3정규형(3NF),BCNF,제1정규형(1NF),제2정규형(2NF),4,"1NF(도메인이 원자값)에서 부분적 함수 종속을 제거하면 2NF, 2NF에서 이행적 함수 종속을 제거하면 3NF가 된다.",69,concept
276,3,정규화 과정,보기 중에서 정규화 과정에서 '부분적 함수 종속'을 제거하면 도달하는 정규형은?,BCNF,제3정규형(3NF),제2정규형(2NF),제1정규형(1NF),3,"1NF(도메인이 원자값)에서 부분적 함수 종속을 제거하면 2NF, 2NF에서 이행적 함수 종속을 제거하면 3NF가 된다.",69,concept
277,3,반정규화,"시스템 성능 향상, 운영 편의성 등을 위해 정규화된 데이터 모델을 의도적으로 통합·중복·분리하는 과정은?",정규화,반정규화(Denormalization),역정규화 취소,무결성 검사,2,"반정규화는 성능 향상 등을 목적으로 정규화 원칙을 의도적으로 위배하는 과정이며, 테이블 통합·분할, 중복 테이블·속성 추가 등의 방법이 있다.",70,concept
278,3,반정규화,"시스템 성능 향상, 운영 편의성 등을 위해 정규화된 데이터 모델을 의도적으로 통합·중복·분리하는 과정은?",반정규화(Denormalization),역정규화 취소,무결성 검사,정규화,1,"반정규화는 성능 향상 등을 목적으로 정규화 원칙을 의도적으로 위배하는 과정이며, 테이블 통합·분할, 중복 테이블·속성 추가 등의 방법이 있다.",70,concept
279,3,반정규화,"다음 중 시스템 성능 향상, 운영 편의성 등을 위해 정규화된 데이터 모델을 의도적으로 통합·중복·분리하는 과정은?",역정규화 취소,무결성 검사,정규화,반정규화(Denormalization),4,"반정규화는 성능 향상 등을 목적으로 정규화 원칙을 의도적으로 위배하는 과정이며, 테이블 통합·분할, 중복 테이블·속성 추가 등의 방법이 있다.",70,concept
280,3,반정규화,"보기 중에서 시스템 성능 향상, 운영 편의성 등을 위해 정규화된 데이터 모델을 의도적으로 통합·중복·분리하는 과정은?",무결성 검사,역정규화 취소,반정규화(Denormalization),정규화,3,"반정규화는 성능 향상 등을 목적으로 정규화 원칙을 의도적으로 위배하는 과정이며, 테이블 통합·분할, 중복 테이블·속성 추가 등의 방법이 있다.",70,concept
281,3,트랜잭션 특성,"트랜잭션의 특성(ACID) 중, 트랜잭션 실행 중 다른 트랜잭션의 연산이 끼어들 수 없다는 특성은?",원자성(Atomicity),일관성(Consistency),독립성(Isolation),영속성(Durability),3,독립성(Isolation)은 둘 이상의 트랜잭션이 동시에 병행 실행될 때 서로의 연산이 끼어들 수 없다는 특성이다.,71,concept
282,3,트랜잭션 특성,"트랜잭션의 특성(ACID) 중, 트랜잭션 실행 중 다른 트랜잭션의 연산이 끼어들 수 없다는 특성은?",일관성(Consistency),독립성(Isolation),영속성(Durability),원자성(Atomicity),2,독립성(Isolation)은 둘 이상의 트랜잭션이 동시에 병행 실행될 때 서로의 연산이 끼어들 수 없다는 특성이다.,71,concept
283,3,트랜잭션 특성,"다음 중 트랜잭션의 특성(ACID) 중, 트랜잭션 실행 중 다른 트랜잭션의 연산이 끼어들 수 없다는 특성은?",독립성(Isolation),영속성(Durability),원자성(Atomicity),일관성(Consistency),1,독립성(Isolation)은 둘 이상의 트랜잭션이 동시에 병행 실행될 때 서로의 연산이 끼어들 수 없다는 특성이다.,71,concept
284,3,트랜잭션 특성,"보기 중에서 트랜잭션의 특성(ACID) 중, 트랜잭션 실행 중 다른 트랜잭션의 연산이 끼어들 수 없다는 특성은?",영속성(Durability),독립성(Isolation),일관성(Consistency),원자성(Atomicity),2,독립성(Isolation)은 둘 이상의 트랜잭션이 동시에 병행 실행될 때 서로의 연산이 끼어들 수 없다는 특성이다.,71,concept
285,3,뷰,"기본 테이블로부터 유도된, 물리적으로 구현되어 있지 않은 가상 테이블은?",뷰(View),인덱스(Index),스키마(Schema),트리거(Trigger),1,"뷰는 기본 테이블에서 유도된 가상 테이블로 물리적으로 구현되지 않으며, 삽입·삭제·갱신 연산에 제약이 따르고 독립적인 인덱스를 가질 수 없다.",72,concept
286,3,뷰,"기본 테이블로부터 유도된, 물리적으로 구현되어 있지 않은 가상 테이블은?",인덱스(Index),스키마(Schema),트리거(Trigger),뷰(View),4,"뷰는 기본 테이블에서 유도된 가상 테이블로 물리적으로 구현되지 않으며, 삽입·삭제·갱신 연산에 제약이 따르고 독립적인 인덱스를 가질 수 없다.",72,concept
287,3,뷰,"다음 중 기본 테이블로부터 유도된, 물리적으로 구현되어 있지 않은 가상 테이블은?",스키마(Schema),트리거(Trigger),뷰(View),인덱스(Index),3,"뷰는 기본 테이블에서 유도된 가상 테이블로 물리적으로 구현되지 않으며, 삽입·삭제·갱신 연산에 제약이 따르고 독립적인 인덱스를 가질 수 없다.",72,concept
288,3,뷰,"보기 중에서 기본 테이블로부터 유도된, 물리적으로 구현되어 있지 않은 가상 테이블은?",트리거(Trigger),스키마(Schema),인덱스(Index),뷰(View),4,"뷰는 기본 테이블에서 유도된 가상 테이블로 물리적으로 구현되지 않으며, 삽입·삭제·갱신 연산에 제약이 따르고 독립적인 인덱스를 가질 수 없다.",72,concept
289,3,분산 DB 목표,액세스하려는 데이터베이스의 실제 위치를 알 필요 없이 논리적 명칭만으로 액세스할 수 있는 분산 데이터베이스의 목표는?,위치 투명성,중복 투명성,병행 투명성,장애 투명성,1,"위치 투명성은 실제 저장 위치를 몰라도 논리적 명칭만으로 접근할 수 있음을 의미하며, 분산 데이터베이스의 4대 투명성(위치·중복·병행·장애) 중 하나이다.",73,concept
290,3,분산 DB 목표,액세스하려는 데이터베이스의 실제 위치를 알 필요 없이 논리적 명칭만으로 액세스할 수 있는 분산 데이터베이스의 목표는?,중복 투명성,병행 투명성,장애 투명성,위치 투명성,4,"위치 투명성은 실제 저장 위치를 몰라도 논리적 명칭만으로 접근할 수 있음을 의미하며, 분산 데이터베이스의 4대 투명성(위치·중복·병행·장애) 중 하나이다.",73,concept
291,3,분산 DB 목표,다음 중 액세스하려는 데이터베이스의 실제 위치를 알 필요 없이 논리적 명칭만으로 액세스할 수 있는 분산 데이터베이스의 목표는?,병행 투명성,장애 투명성,위치 투명성,중복 투명성,3,"위치 투명성은 실제 저장 위치를 몰라도 논리적 명칭만으로 접근할 수 있음을 의미하며, 분산 데이터베이스의 4대 투명성(위치·중복·병행·장애) 중 하나이다.",73,concept
292,3,분산 DB 목표,보기 중에서 액세스하려는 데이터베이스의 실제 위치를 알 필요 없이 논리적 명칭만으로 액세스할 수 있는 분산 데이터베이스의 목표는?,장애 투명성,병행 투명성,중복 투명성,위치 투명성,4,"위치 투명성은 실제 저장 위치를 몰라도 논리적 명칭만으로 접근할 수 있음을 의미하며, 분산 데이터베이스의 4대 투명성(위치·중복·병행·장애) 중 하나이다.",73,concept
293,3,접근통제 기술,주체와 객체의 등급을 비교하여 접근 권한을 부여하는 접근통제 방식은?,임의 접근통제(DAC),강제 접근통제(MAC),역할기반 접근통제(RBAC),규칙기반 접근통제,2,"강제 접근통제(MAC)는 주체와 객체의 보안 등급을 비교해 접근 권한을 부여하며, DAC는 사용자 신원에 따라, RBAC는 역할에 따라 권한을 부여한다.",74,concept
294,3,접근통제 기술,주체와 객체의 등급을 비교하여 접근 권한을 부여하는 접근통제 방식은?,강제 접근통제(MAC),역할기반 접근통제(RBAC),규칙기반 접근통제,임의 접근통제(DAC),1,"강제 접근통제(MAC)는 주체와 객체의 보안 등급을 비교해 접근 권한을 부여하며, DAC는 사용자 신원에 따라, RBAC는 역할에 따라 권한을 부여한다.",74,concept
295,3,접근통제 기술,다음 중 주체와 객체의 등급을 비교하여 접근 권한을 부여하는 접근통제 방식은?,역할기반 접근통제(RBAC),규칙기반 접근통제,임의 접근통제(DAC),강제 접근통제(MAC),4,"강제 접근통제(MAC)는 주체와 객체의 보안 등급을 비교해 접근 권한을 부여하며, DAC는 사용자 신원에 따라, RBAC는 역할에 따라 권한을 부여한다.",74,concept
296,3,접근통제 기술,보기 중에서 주체와 객체의 등급을 비교하여 접근 권한을 부여하는 접근통제 방식은?,규칙기반 접근통제,역할기반 접근통제(RBAC),강제 접근통제(MAC),임의 접근통제(DAC),3,"강제 접근통제(MAC)는 주체와 객체의 보안 등급을 비교해 접근 권한을 부여하며, DAC는 사용자 신원에 따라, RBAC는 역할에 따라 권한을 부여한다.",74,concept
297,3,DDL,"스키마, 도메인, 테이블, 뷰, 인덱스를 정의하거나 변경·삭제할 때 사용하는 언어는?",DDL(데이터 정의어),DML(데이터 조작어),DCL(데이터 제어어),TCL(트랜잭션 제어어),1,DDL은 CREATE·ALTER·DROP 명령으로 스키마·테이블·뷰·인덱스 등을 정의·변경·삭제하는 언어이다.,75,concept
298,3,DDL,"스키마, 도메인, 테이블, 뷰, 인덱스를 정의하거나 변경·삭제할 때 사용하는 언어는?",DML(데이터 조작어),DCL(데이터 제어어),TCL(트랜잭션 제어어),DDL(데이터 정의어),4,DDL은 CREATE·ALTER·DROP 명령으로 스키마·테이블·뷰·인덱스 등을 정의·변경·삭제하는 언어이다.,75,concept
299,3,DDL,"다음 중 스키마, 도메인, 테이블, 뷰, 인덱스를 정의하거나 변경·삭제할 때 사용하는 언어는?",DCL(데이터 제어어),TCL(트랜잭션 제어어),DDL(데이터 정의어),DML(데이터 조작어),3,DDL은 CREATE·ALTER·DROP 명령으로 스키마·테이블·뷰·인덱스 등을 정의·변경·삭제하는 언어이다.,75,concept
300,3,DDL,"보기 중에서 스키마, 도메인, 테이블, 뷰, 인덱스를 정의하거나 변경·삭제할 때 사용하는 언어는?",TCL(트랜잭션 제어어),DCL(데이터 제어어),DML(데이터 조작어),DDL(데이터 정의어),4,DDL은 CREATE·ALTER·DROP 명령으로 스키마·테이블·뷰·인덱스 등을 정의·변경·삭제하는 언어이다.,75,concept
301,3,DML,"SELECT, INSERT, DELETE, UPDATE와 같이 저장된 데이터를 실질적으로 처리하는 데 사용되는 언어는?",DDL,DML,DCL,DQL,2,DML(데이터 조작어)은 SELECT·INSERT·DELETE·UPDATE로 저장된 데이터를 검색·삽입·삭제·변경하는 언어이다.,76,concept
302,3,DML,"SELECT, INSERT, DELETE, UPDATE와 같이 저장된 데이터를 실질적으로 처리하는 데 사용되는 언어는?",DML,DCL,DQL,DDL,1,DML(데이터 조작어)은 SELECT·INSERT·DELETE·UPDATE로 저장된 데이터를 검색·삽입·삭제·변경하는 언어이다.,76,concept
303,3,DML,"다음 중 SELECT, INSERT, DELETE, UPDATE와 같이 저장된 데이터를 실질적으로 처리하는 데 사용되는 언어는?",DCL,DQL,DDL,DML,4,DML(데이터 조작어)은 SELECT·INSERT·DELETE·UPDATE로 저장된 데이터를 검색·삽입·삭제·변경하는 언어이다.,76,concept
304,3,DML,"보기 중에서 SELECT, INSERT, DELETE, UPDATE와 같이 저장된 데이터를 실질적으로 처리하는 데 사용되는 언어는?",DQL,DCL,DML,DDL,3,DML(데이터 조작어)은 SELECT·INSERT·DELETE·UPDATE로 저장된 데이터를 검색·삽입·삭제·변경하는 언어이다.,76,concept
305,3,DCL,"GRANT, REVOKE와 같이 데이터베이스 사용 권한을 부여·취소하는 데 사용되는 언어는?",DDL,DML,DCL,DDL과 DML,3,"DCL(데이터 제어어)은 GRANT(권한부여), REVOKE(권한취소), COMMIT, ROLLBACK 등 보안·무결성·회복을 다루는 언어이다.",77,concept
306,3,DCL,"GRANT, REVOKE와 같이 데이터베이스 사용 권한을 부여·취소하는 데 사용되는 언어는?",DML,DCL,DDL과 DML,DDL,2,"DCL(데이터 제어어)은 GRANT(권한부여), REVOKE(권한취소), COMMIT, ROLLBACK 등 보안·무결성·회복을 다루는 언어이다.",77,concept
307,3,DCL,"다음 중 GRANT, REVOKE와 같이 데이터베이스 사용 권한을 부여·취소하는 데 사용되는 언어는?",DCL,DDL과 DML,DDL,DML,1,"DCL(데이터 제어어)은 GRANT(권한부여), REVOKE(권한취소), COMMIT, ROLLBACK 등 보안·무결성·회복을 다루는 언어이다.",77,concept
308,3,DCL,"보기 중에서 GRANT, REVOKE와 같이 데이터베이스 사용 권한을 부여·취소하는 데 사용되는 언어는?",DDL과 DML,DCL,DML,DDL,2,"DCL(데이터 제어어)은 GRANT(권한부여), REVOKE(권한취소), COMMIT, ROLLBACK 등 보안·무결성·회복을 다루는 언어이다.",77,concept
309,3,DROP TABLE 옵션,"DROP TABLE 실행 시, 제거할 요소를 다른 개체가 참조 중이면 제거를 취소하는 옵션은?",CASCADE,RESTRICT,DEFAULT,UNIQUE,2,"RESTRICT는 참조 중인 다른 개체가 있으면 제거를 취소하며, CASCADE는 참조하는 다른 개체까지 함께 제거한다.",78,concept
310,3,DROP TABLE 옵션,"DROP TABLE 실행 시, 제거할 요소를 다른 개체가 참조 중이면 제거를 취소하는 옵션은?",RESTRICT,DEFAULT,UNIQUE,CASCADE,1,"RESTRICT는 참조 중인 다른 개체가 있으면 제거를 취소하며, CASCADE는 참조하는 다른 개체까지 함께 제거한다.",78,concept
311,3,DROP TABLE 옵션,"다음 중 DROP TABLE 실행 시, 제거할 요소를 다른 개체가 참조 중이면 제거를 취소하는 옵션은?",DEFAULT,UNIQUE,CASCADE,RESTRICT,4,"RESTRICT는 참조 중인 다른 개체가 있으면 제거를 취소하며, CASCADE는 참조하는 다른 개체까지 함께 제거한다.",78,concept
312,3,DROP TABLE 옵션,"보기 중에서 DROP TABLE 실행 시, 제거할 요소를 다른 개체가 참조 중이면 제거를 취소하는 옵션은?",UNIQUE,DEFAULT,RESTRICT,CASCADE,3,"RESTRICT는 참조 중인 다른 개체가 있으면 제거를 취소하며, CASCADE는 참조하는 다른 개체까지 함께 제거한다.",78,concept
313,3,LIKE 연산자,SQL의 LIKE 연산자에서 문자 하나를 대표하는 와일드카드 기호는?,%,_,#,*,2,"'_'는 문자 하나를 대표하고, '%'는 모든 문자를 대표하는 와일드카드이다.",79,concept
314,3,LIKE 연산자,SQL의 LIKE 연산자에서 문자 하나를 대표하는 와일드카드 기호는?,_,#,*,%,1,"'_'는 문자 하나를 대표하고, '%'는 모든 문자를 대표하는 와일드카드이다.",79,concept
315,3,LIKE 연산자,다음 중 SQL의 LIKE 연산자에서 문자 하나를 대표하는 와일드카드 기호는?,#,*,%,_,4,"'_'는 문자 하나를 대표하고, '%'는 모든 문자를 대표하는 와일드카드이다.",79,concept
316,3,LIKE 연산자,보기 중에서 SQL의 LIKE 연산자에서 문자 하나를 대표하는 와일드카드 기호는?,*,#,_,%,3,"'_'는 문자 하나를 대표하고, '%'는 모든 문자를 대표하는 와일드카드이다.",79,concept
317,3,집합 연산자,두 조회 결과를 통합하되 중복된 행을 한 번만 출력하는 SQL 집합 연산자는?,UNION,UNION ALL,INTERSECT,EXCEPT,1,"UNION은 중복 행을 한 번만 출력하고, UNION ALL은 중복 행도 그대로 출력한다. INTERSECT는 공통 행만, EXCEPT는 차집합을 출력한다.",80,concept
318,3,집합 연산자,두 조회 결과를 통합하되 중복된 행을 한 번만 출력하는 SQL 집합 연산자는?,UNION ALL,INTERSECT,EXCEPT,UNION,4,"UNION은 중복 행을 한 번만 출력하고, UNION ALL은 중복 행도 그대로 출력한다. INTERSECT는 공통 행만, EXCEPT는 차집합을 출력한다.",80,concept
319,3,집합 연산자,다음 중 두 조회 결과를 통합하되 중복된 행을 한 번만 출력하는 SQL 집합 연산자는?,INTERSECT,EXCEPT,UNION,UNION ALL,3,"UNION은 중복 행을 한 번만 출력하고, UNION ALL은 중복 행도 그대로 출력한다. INTERSECT는 공통 행만, EXCEPT는 차집합을 출력한다.",80,concept
320,3,집합 연산자,보기 중에서 두 조회 결과를 통합하되 중복된 행을 한 번만 출력하는 SQL 집합 연산자는?,EXCEPT,INTERSECT,UNION ALL,UNION,4,"UNION은 중복 행을 한 번만 출력하고, UNION ALL은 중복 행도 그대로 출력한다. INTERSECT는 공통 행만, EXCEPT는 차집합을 출력한다.",80,concept
321,3,트리거,데이터의 삽입·갱신·삭제 이벤트가 발생할 때마다 관련 작업이 자동으로 수행되는 절차형 SQL은?,트리거(Trigger),프로시저(Procedure),커서(Cursor),함수(Function),1,트리거는 삽입·갱신·삭제 이벤트 발생 시 자동으로 수행되는 절차형 SQL이다.,81,concept
322,3,트리거,데이터의 삽입·갱신·삭제 이벤트가 발생할 때마다 관련 작업이 자동으로 수행되는 절차형 SQL은?,프로시저(Procedure),커서(Cursor),함수(Function),트리거(Trigger),4,트리거는 삽입·갱신·삭제 이벤트 발생 시 자동으로 수행되는 절차형 SQL이다.,81,concept
323,3,트리거,다음 중 데이터의 삽입·갱신·삭제 이벤트가 발생할 때마다 관련 작업이 자동으로 수행되는 절차형 SQL은?,커서(Cursor),함수(Function),트리거(Trigger),프로시저(Procedure),3,트리거는 삽입·갱신·삭제 이벤트 발생 시 자동으로 수행되는 절차형 SQL이다.,81,concept
324,3,트리거,보기 중에서 데이터의 삽입·갱신·삭제 이벤트가 발생할 때마다 관련 작업이 자동으로 수행되는 절차형 SQL은?,함수(Function),커서(Cursor),프로시저(Procedure),트리거(Trigger),4,트리거는 삽입·갱신·삭제 이벤트 발생 시 자동으로 수행되는 절차형 SQL이다.,81,concept
325,4,변수명 작성 규칙,변수명 작성 규칙으로 옳지 않은 것은?,"영문자, 숫자, 언더바(_)를 사용할 수 있다.",첫 글자는 숫자로 시작할 수 없다.,대·소문자를 구분한다.,예약어도 변수명으로 자유롭게 사용할 수 있다.,4,예약어(reserved word)는 프로그래밍 언어가 이미 용도를 정해둔 단어이므로 변수명으로 사용할 수 없다.,82,concept
326,4,변수명 작성 규칙,변수명 작성 규칙으로 옳지 않은 것은?,첫 글자는 숫자로 시작할 수 없다.,대·소문자를 구분한다.,예약어도 변수명으로 자유롭게 사용할 수 있다.,"영문자, 숫자, 언더바(_)를 사용할 수 있다.",3,예약어(reserved word)는 프로그래밍 언어가 이미 용도를 정해둔 단어이므로 변수명으로 사용할 수 없다.,82,concept
327,4,변수명 작성 규칙,다음 중 변수명 작성 규칙으로 옳지 않은 것은?,대·소문자를 구분한다.,예약어도 변수명으로 자유롭게 사용할 수 있다.,"영문자, 숫자, 언더바(_)를 사용할 수 있다.",첫 글자는 숫자로 시작할 수 없다.,2,예약어(reserved word)는 프로그래밍 언어가 이미 용도를 정해둔 단어이므로 변수명으로 사용할 수 없다.,82,concept
328,4,변수명 작성 규칙,보기 중에서 변수명 작성 규칙으로 옳지 않은 것은?,예약어도 변수명으로 자유롭게 사용할 수 있다.,대·소문자를 구분한다.,첫 글자는 숫자로 시작할 수 없다.,"영문자, 숫자, 언더바(_)를 사용할 수 있다.",1,예약어(reserved word)는 프로그래밍 언어가 이미 용도를 정해둔 단어이므로 변수명으로 사용할 수 없다.,82,concept
329,4,가비지 콜렉터,선언만 하고 사용하지 않는 변수가 점유한 메모리 공간을 강제로 해제하는 기능은?,가비지 콜렉터(Garbage Collector),스택 프레임,레지스터 할당,캐시 메모리,1,가비지 콜렉터는 더 이상 사용되지 않는 메모리를 자동으로 회수해 다른 프로그램이 사용할 수 있게 한다.,83,concept
330,4,가비지 콜렉터,선언만 하고 사용하지 않는 변수가 점유한 메모리 공간을 강제로 해제하는 기능은?,스택 프레임,레지스터 할당,캐시 메모리,가비지 콜렉터(Garbage Collector),4,가비지 콜렉터는 더 이상 사용되지 않는 메모리를 자동으로 회수해 다른 프로그램이 사용할 수 있게 한다.,83,concept
331,4,가비지 콜렉터,다음 중 선언만 하고 사용하지 않는 변수가 점유한 메모리 공간을 강제로 해제하는 기능은?,레지스터 할당,캐시 메모리,가비지 콜렉터(Garbage Collector),스택 프레임,3,가비지 콜렉터는 더 이상 사용되지 않는 메모리를 자동으로 회수해 다른 프로그램이 사용할 수 있게 한다.,83,concept
332,4,가비지 콜렉터,보기 중에서 선언만 하고 사용하지 않는 변수가 점유한 메모리 공간을 강제로 해제하는 기능은?,캐시 메모리,레지스터 할당,스택 프레임,가비지 콜렉터(Garbage Collector),4,가비지 콜렉터는 더 이상 사용되지 않는 메모리를 자동으로 회수해 다른 프로그램이 사용할 수 있게 한다.,83,concept
333,4,산술 연산자,정수만 연산할 수 있으며 실수를 사용하면 오류가 발생하는 산술 연산자는?,+,-,*,%,4,"나머지 연산자(%)는 정수 연산에만 사용되며 실수(float, double)에 사용하면 오류가 발생한다.",84,concept
334,4,산술 연산자,정수만 연산할 수 있으며 실수를 사용하면 오류가 발생하는 산술 연산자는?,-,*,%,+,3,"나머지 연산자(%)는 정수 연산에만 사용되며 실수(float, double)에 사용하면 오류가 발생한다.",84,concept
335,4,산술 연산자,다음 중 정수만 연산할 수 있으며 실수를 사용하면 오류가 발생하는 산술 연산자는?,*,%,+,-,2,"나머지 연산자(%)는 정수 연산에만 사용되며 실수(float, double)에 사용하면 오류가 발생한다.",84,concept
336,4,산술 연산자,보기 중에서 정수만 연산할 수 있으며 실수를 사용하면 오류가 발생하는 산술 연산자는?,%,*,-,+,1,"나머지 연산자(%)는 정수 연산에만 사용되며 실수(float, double)에 사용하면 오류가 발생한다.",84,concept
337,4,비트 연산자,두 비트가 모두 1일 때만 1이 되는 비트 연산자는?,& (and),| (or),^ (xor),~ (not),1,"AND(&)는 두 비트가 모두 1일 때만 1이 되며, OR(|)는 하나라도 1이면 1, XOR(^)은 서로 다르면 1이 된다.",85,concept
338,4,비트 연산자,두 비트가 모두 1일 때만 1이 되는 비트 연산자는?,| (or),^ (xor),~ (not),& (and),4,"AND(&)는 두 비트가 모두 1일 때만 1이 되며, OR(|)는 하나라도 1이면 1, XOR(^)은 서로 다르면 1이 된다.",85,concept
339,4,비트 연산자,다음 중 두 비트가 모두 1일 때만 1이 되는 비트 연산자는?,^ (xor),~ (not),& (and),| (or),3,"AND(&)는 두 비트가 모두 1일 때만 1이 되며, OR(|)는 하나라도 1이면 1, XOR(^)은 서로 다르면 1이 된다.",85,concept
340,4,비트 연산자,보기 중에서 두 비트가 모두 1일 때만 1이 되는 비트 연산자는?,~ (not),^ (xor),| (or),& (and),4,"AND(&)는 두 비트가 모두 1일 때만 1이 되며, OR(|)는 하나라도 1이면 1, XOR(^)은 서로 다르면 1이 된다.",85,concept
341,4,연산자 우선순위,C/JAVA 연산자 우선순위에서 가장 먼저 수행되는 연산자 그룹은?,단항 연산자,산술 연산자,관계 연산자,논리 연산자,1,연산자 우선순위는 단항 연산자 > 산술 연산자 > 시프트 > 관계 > 비트 > 논리 > 조건 > 대입 > 순서 연산자 순이다.,86,concept
342,4,연산자 우선순위,C/JAVA 연산자 우선순위에서 가장 먼저 수행되는 연산자 그룹은?,산술 연산자,관계 연산자,논리 연산자,단항 연산자,4,연산자 우선순위는 단항 연산자 > 산술 연산자 > 시프트 > 관계 > 비트 > 논리 > 조건 > 대입 > 순서 연산자 순이다.,86,concept
343,4,연산자 우선순위,다음 중 C/JAVA 연산자 우선순위에서 가장 먼저 수행되는 연산자 그룹은?,관계 연산자,논리 연산자,단항 연산자,산술 연산자,3,연산자 우선순위는 단항 연산자 > 산술 연산자 > 시프트 > 관계 > 비트 > 논리 > 조건 > 대입 > 순서 연산자 순이다.,86,concept
344,4,연산자 우선순위,보기 중에서 C/JAVA 연산자 우선순위에서 가장 먼저 수행되는 연산자 그룹은?,논리 연산자,관계 연산자,산술 연산자,단항 연산자,4,연산자 우선순위는 단항 연산자 > 산술 연산자 > 시프트 > 관계 > 비트 > 논리 > 조건 > 대입 > 순서 연산자 순이다.,86,concept
345,4,switch문,switch문에서 break문이 생략되었을 때 발생하는 현상은?,수식과 일치하는 case부터 switch문이 종료될 때까지 모든 문장이 실행된다.,즉시 switch문을 벗어난다.,default 문으로 바로 이동한다.,컴파일 오류가 발생한다.,1,break문이 없으면 일치하는 case부터 이후의 모든 문장이 switch문이 끝날 때까지 순서대로 실행된다(fall-through).,87,concept
346,4,switch문,switch문에서 break문이 생략되었을 때 발생하는 현상은?,즉시 switch문을 벗어난다.,default 문으로 바로 이동한다.,컴파일 오류가 발생한다.,수식과 일치하는 case부터 switch문이 종료될 때까지 모든 문장이 실행된다.,4,break문이 없으면 일치하는 case부터 이후의 모든 문장이 switch문이 끝날 때까지 순서대로 실행된다(fall-through).,87,concept
347,4,switch문,다음 중 switch문에서 break문이 생략되었을 때 발생하는 현상은?,default 문으로 바로 이동한다.,컴파일 오류가 발생한다.,수식과 일치하는 case부터 switch문이 종료될 때까지 모든 문장이 실행된다.,즉시 switch문을 벗어난다.,3,break문이 없으면 일치하는 case부터 이후의 모든 문장이 switch문이 끝날 때까지 순서대로 실행된다(fall-through).,87,concept
348,4,switch문,보기 중에서 switch문에서 break문이 생략되었을 때 발생하는 현상은?,컴파일 오류가 발생한다.,default 문으로 바로 이동한다.,즉시 switch문을 벗어난다.,수식과 일치하는 case부터 switch문이 종료될 때까지 모든 문장이 실행된다.,4,break문이 없으면 일치하는 case부터 이후의 모든 문장이 switch문이 끝날 때까지 순서대로 실행된다(fall-through).,87,concept
349,4,포인터,포인터 변수에 변수의 주소를 저장하기 위해 변수 앞에 붙이는 연산자는?,간접 연산자(*),번지 연산자(&),나머지 연산자(%),조건 연산자(?:),2,"번지 연산자(&)는 변수의 주소를 알아낼 때 사용하며, 간접 연산자(*)는 포인터가 가리키는 곳의 값을 참조할 때 사용한다.",88,concept
350,4,포인터,포인터 변수에 변수의 주소를 저장하기 위해 변수 앞에 붙이는 연산자는?,번지 연산자(&),나머지 연산자(%),조건 연산자(?:),간접 연산자(*),1,"번지 연산자(&)는 변수의 주소를 알아낼 때 사용하며, 간접 연산자(*)는 포인터가 가리키는 곳의 값을 참조할 때 사용한다.",88,concept
351,4,포인터,다음 중 포인터 변수에 변수의 주소를 저장하기 위해 변수 앞에 붙이는 연산자는?,나머지 연산자(%),조건 연산자(?:),간접 연산자(*),번지 연산자(&),4,"번지 연산자(&)는 변수의 주소를 알아낼 때 사용하며, 간접 연산자(*)는 포인터가 가리키는 곳의 값을 참조할 때 사용한다.",88,concept
352,4,포인터,보기 중에서 포인터 변수에 변수의 주소를 저장하기 위해 변수 앞에 붙이는 연산자는?,조건 연산자(?:),나머지 연산자(%),번지 연산자(&),간접 연산자(*),3,"번지 연산자(&)는 변수의 주소를 알아낼 때 사용하며, 간접 연산자(*)는 포인터가 가리키는 곳의 값을 참조할 때 사용한다.",88,concept
353,4,Python 시퀀스 자료형,"Python의 시퀀스 자료형 중, 요소의 추가·삭제·변경이 불가능한 것은?",리스트(List),튜플(Tuple),딕셔너리(Dictionary),셋(Set),2,튜플은 한 번 생성되면 요소의 추가·삭제·변경이 불가능한 불변(immutable) 자료형이다.,89,concept
354,4,Python 시퀀스 자료형,"Python의 시퀀스 자료형 중, 요소의 추가·삭제·변경이 불가능한 것은?",튜플(Tuple),딕셔너리(Dictionary),셋(Set),리스트(List),1,튜플은 한 번 생성되면 요소의 추가·삭제·변경이 불가능한 불변(immutable) 자료형이다.,89,concept
355,4,Python 시퀀스 자료형,"다음 중 Python의 시퀀스 자료형 중, 요소의 추가·삭제·변경이 불가능한 것은?",딕셔너리(Dictionary),셋(Set),리스트(List),튜플(Tuple),4,튜플은 한 번 생성되면 요소의 추가·삭제·변경이 불가능한 불변(immutable) 자료형이다.,89,concept
356,4,Python 시퀀스 자료형,"보기 중에서 Python의 시퀀스 자료형 중, 요소의 추가·삭제·변경이 불가능한 것은?",셋(Set),딕셔너리(Dictionary),튜플(Tuple),리스트(List),3,튜플은 한 번 생성되면 요소의 추가·삭제·변경이 불가능한 불변(immutable) 자료형이다.,89,concept
357,4,Python 딕셔너리,"연관된 값을 묶어 저장하며, 위치값이 아니라 사용자가 지정한 키로 접근하는 Python 자료형은?",리스트(List),튜플(Tuple),딕셔너리(Dictionary),레인지(Range),3,딕셔너리는 리스트처럼 위치값(인덱스)이 아니라 사용자가 지정한 키(key)로 값에 접근하는 자료형이다.,90,concept
358,4,Python 딕셔너리,"연관된 값을 묶어 저장하며, 위치값이 아니라 사용자가 지정한 키로 접근하는 Python 자료형은?",튜플(Tuple),딕셔너리(Dictionary),레인지(Range),리스트(List),2,딕셔너리는 리스트처럼 위치값(인덱스)이 아니라 사용자가 지정한 키(key)로 값에 접근하는 자료형이다.,90,concept
359,4,Python 딕셔너리,"다음 중 연관된 값을 묶어 저장하며, 위치값이 아니라 사용자가 지정한 키로 접근하는 Python 자료형은?",딕셔너리(Dictionary),레인지(Range),리스트(List),튜플(Tuple),1,딕셔너리는 리스트처럼 위치값(인덱스)이 아니라 사용자가 지정한 키(key)로 값에 접근하는 자료형이다.,90,concept
360,4,Python 딕셔너리,"보기 중에서 연관된 값을 묶어 저장하며, 위치값이 아니라 사용자가 지정한 키로 접근하는 Python 자료형은?",레인지(Range),딕셔너리(Dictionary),튜플(Tuple),리스트(List),2,딕셔너리는 리스트처럼 위치값(인덱스)이 아니라 사용자가 지정한 키(key)로 값에 접근하는 자료형이다.,90,concept
361,4,Python 슬라이스,문자열이나 리스트 같은 순차형 객체에서 일부를 잘라 반환하는 Python 기능은?,슬라이스(Slice),매핑(Mapping),언패킹(Unpacking),제너레이터(Generator),1,슬라이스는 a[start:end:step] 형태로 순차형 객체의 일부를 잘라 반환하는 기능이다.,91,concept
362,4,Python 슬라이스,문자열이나 리스트 같은 순차형 객체에서 일부를 잘라 반환하는 Python 기능은?,매핑(Mapping),언패킹(Unpacking),제너레이터(Generator),슬라이스(Slice),4,슬라이스는 a[start:end:step] 형태로 순차형 객체의 일부를 잘라 반환하는 기능이다.,91,concept
363,4,Python 슬라이스,다음 중 문자열이나 리스트 같은 순차형 객체에서 일부를 잘라 반환하는 Python 기능은?,언패킹(Unpacking),제너레이터(Generator),슬라이스(Slice),매핑(Mapping),3,슬라이스는 a[start:end:step] 형태로 순차형 객체의 일부를 잘라 반환하는 기능이다.,91,concept
364,4,Python 슬라이스,보기 중에서 문자열이나 리스트 같은 순차형 객체에서 일부를 잘라 반환하는 Python 기능은?,제너레이터(Generator),언패킹(Unpacking),매핑(Mapping),슬라이스(Slice),4,슬라이스는 a[start:end:step] 형태로 순차형 객체의 일부를 잘라 반환하는 기능이다.,91,concept
365,4,스크립트 언어,귀도 반 로섬이 발표한 대화형 인터프리터 언어는?,자바스크립트,PHP,파이썬(Python),쉘 스크립트,3,파이썬은 귀도 반 로섬(Guido van Rossum)이 발표한 대화형 인터프리터 언어이다.,92,concept
366,4,스크립트 언어,귀도 반 로섬이 발표한 대화형 인터프리터 언어는?,PHP,파이썬(Python),쉘 스크립트,자바스크립트,2,파이썬은 귀도 반 로섬(Guido van Rossum)이 발표한 대화형 인터프리터 언어이다.,92,concept
367,4,스크립트 언어,다음 중 귀도 반 로섬이 발표한 대화형 인터프리터 언어는?,파이썬(Python),쉘 스크립트,자바스크립트,PHP,1,파이썬은 귀도 반 로섬(Guido van Rossum)이 발표한 대화형 인터프리터 언어이다.,92,concept
368,4,스크립트 언어,보기 중에서 귀도 반 로섬이 발표한 대화형 인터프리터 언어는?,쉘 스크립트,파이썬(Python),PHP,자바스크립트,2,파이썬은 귀도 반 로섬(Guido van Rossum)이 발표한 대화형 인터프리터 언어이다.,92,concept
369,4,UNIX 특징,UNIX의 특징으로 옳지 않은 것은?,대부분 C언어로 작성되어 이식성이 높다.,"다중 사용자, 다중 작업을 지원한다.",트리 구조의 파일 시스템을 갖는다.,단일 사용자만 지원하는 폐쇄형 구조이다.,4,"UNIX는 다중 사용자(Multi-User), 다중 작업(Multi-Tasking)을 지원하는 개방형 운영체제이다.",93,concept
370,4,UNIX 특징,UNIX의 특징으로 옳지 않은 것은?,"다중 사용자, 다중 작업을 지원한다.",트리 구조의 파일 시스템을 갖는다.,단일 사용자만 지원하는 폐쇄형 구조이다.,대부분 C언어로 작성되어 이식성이 높다.,3,"UNIX는 다중 사용자(Multi-User), 다중 작업(Multi-Tasking)을 지원하는 개방형 운영체제이다.",93,concept
371,4,UNIX 특징,다음 중 UNIX의 특징으로 옳지 않은 것은?,트리 구조의 파일 시스템을 갖는다.,단일 사용자만 지원하는 폐쇄형 구조이다.,대부분 C언어로 작성되어 이식성이 높다.,"다중 사용자, 다중 작업을 지원한다.",2,"UNIX는 다중 사용자(Multi-User), 다중 작업(Multi-Tasking)을 지원하는 개방형 운영체제이다.",93,concept
372,4,UNIX 특징,보기 중에서 UNIX의 특징으로 옳지 않은 것은?,단일 사용자만 지원하는 폐쇄형 구조이다.,트리 구조의 파일 시스템을 갖는다.,"다중 사용자, 다중 작업을 지원한다.",대부분 C언어로 작성되어 이식성이 높다.,1,"UNIX는 다중 사용자(Multi-User), 다중 작업(Multi-Tasking)을 지원하는 개방형 운영체제이다.",93,concept
373,4,UNIX 커널 기능,UNIX 커널(Kernel)의 기능에 해당하지 않는 것은?,프로세스(CPU 스케줄링) 관리,기억장치 관리,사용자 인터페이스 제공,파일 시스템 관리,3,"사용자 인터페이스(명령어 해석)는 쉘(Shell)의 역할이며, 커널은 프로세스·기억장치·파일시스템·입출력을 관리한다.",94,concept
374,4,UNIX 커널 기능,UNIX 커널(Kernel)의 기능에 해당하지 않는 것은?,기억장치 관리,사용자 인터페이스 제공,파일 시스템 관리,프로세스(CPU 스케줄링) 관리,2,"사용자 인터페이스(명령어 해석)는 쉘(Shell)의 역할이며, 커널은 프로세스·기억장치·파일시스템·입출력을 관리한다.",94,concept
375,4,UNIX 커널 기능,다음 중 UNIX 커널(Kernel)의 기능에 해당하지 않는 것은?,사용자 인터페이스 제공,파일 시스템 관리,프로세스(CPU 스케줄링) 관리,기억장치 관리,1,"사용자 인터페이스(명령어 해석)는 쉘(Shell)의 역할이며, 커널은 프로세스·기억장치·파일시스템·입출력을 관리한다.",94,concept
376,4,UNIX 커널 기능,보기 중에서 UNIX 커널(Kernel)의 기능에 해당하지 않는 것은?,파일 시스템 관리,사용자 인터페이스 제공,기억장치 관리,프로세스(CPU 스케줄링) 관리,2,"사용자 인터페이스(명령어 해석)는 쉘(Shell)의 역할이며, 커널은 프로세스·기억장치·파일시스템·입출력을 관리한다.",94,concept
377,4,기억장치 배치전략,"기억장치 배치 전략 중, 단편화를 가장 작게 남기는 분할 영역에 배치하는 전략은?",최초 적합(First Fit),최적 적합(Best Fit),최악 적합(Worst Fit),순환 적합(Circular Fit),2,"최적 적합은 단편화를 가장 작게 남기는 영역에 배치하며, 최악 적합은 반대로 가장 많이 남기는 영역에 배치한다.",95,concept
378,4,기억장치 배치전략,"기억장치 배치 전략 중, 단편화를 가장 작게 남기는 분할 영역에 배치하는 전략은?",최적 적합(Best Fit),최악 적합(Worst Fit),순환 적합(Circular Fit),최초 적합(First Fit),1,"최적 적합은 단편화를 가장 작게 남기는 영역에 배치하며, 최악 적합은 반대로 가장 많이 남기는 영역에 배치한다.",95,concept
379,4,기억장치 배치전략,"다음 중 기억장치 배치 전략 중, 단편화를 가장 작게 남기는 분할 영역에 배치하는 전략은?",최악 적합(Worst Fit),순환 적합(Circular Fit),최초 적합(First Fit),최적 적합(Best Fit),4,"최적 적합은 단편화를 가장 작게 남기는 영역에 배치하며, 최악 적합은 반대로 가장 많이 남기는 영역에 배치한다.",95,concept
380,4,기억장치 배치전략,"보기 중에서 기억장치 배치 전략 중, 단편화를 가장 작게 남기는 분할 영역에 배치하는 전략은?",순환 적합(Circular Fit),최악 적합(Worst Fit),최적 적합(Best Fit),최초 적합(First Fit),3,"최적 적합은 단편화를 가장 작게 남기는 영역에 배치하며, 최악 적합은 반대로 가장 많이 남기는 영역에 배치한다.",95,concept
381,4,페이지 교체 알고리즘,가장 먼저 들어와서 가장 오래 있었던 페이지를 교체하는 페이지 교체 알고리즘은?,FIFO,LRU,LFU,OPT,1,FIFO(First In First Out)는 가장 먼저 적재된 페이지를 우선 교체하는 알고리즘이다.,96,concept
382,4,페이지 교체 알고리즘,가장 먼저 들어와서 가장 오래 있었던 페이지를 교체하는 페이지 교체 알고리즘은?,LRU,LFU,OPT,FIFO,4,FIFO(First In First Out)는 가장 먼저 적재된 페이지를 우선 교체하는 알고리즘이다.,96,concept
383,4,페이지 교체 알고리즘,다음 중 가장 먼저 들어와서 가장 오래 있었던 페이지를 교체하는 페이지 교체 알고리즘은?,LFU,OPT,FIFO,LRU,3,FIFO(First In First Out)는 가장 먼저 적재된 페이지를 우선 교체하는 알고리즘이다.,96,concept
384,4,페이지 교체 알고리즘,보기 중에서 가장 먼저 들어와서 가장 오래 있었던 페이지를 교체하는 페이지 교체 알고리즘은?,OPT,LFU,LRU,FIFO,4,FIFO(First In First Out)는 가장 먼저 적재된 페이지를 우선 교체하는 알고리즘이다.,96,concept
385,4,스래싱,프로세스의 처리 시간보다 페이지 교체에 소요되는 시간이 더 많아지는 현상은?,스래싱(Thrashing),데드락(Deadlock),세마포어,가비지 콜렉션,1,스래싱은 페이지 부재가 과도하게 발생해 페이지 교체 시간이 실제 처리 시간보다 많아지는 현상이다.,97,concept
386,4,스래싱,프로세스의 처리 시간보다 페이지 교체에 소요되는 시간이 더 많아지는 현상은?,데드락(Deadlock),세마포어,가비지 콜렉션,스래싱(Thrashing),4,스래싱은 페이지 부재가 과도하게 발생해 페이지 교체 시간이 실제 처리 시간보다 많아지는 현상이다.,97,concept
387,4,스래싱,다음 중 프로세스의 처리 시간보다 페이지 교체에 소요되는 시간이 더 많아지는 현상은?,세마포어,가비지 콜렉션,스래싱(Thrashing),데드락(Deadlock),3,스래싱은 페이지 부재가 과도하게 발생해 페이지 교체 시간이 실제 처리 시간보다 많아지는 현상이다.,97,concept
388,4,스래싱,보기 중에서 프로세스의 처리 시간보다 페이지 교체에 소요되는 시간이 더 많아지는 현상은?,가비지 콜렉션,세마포어,데드락(Deadlock),스래싱(Thrashing),4,스래싱은 페이지 부재가 과도하게 발생해 페이지 교체 시간이 실제 처리 시간보다 많아지는 현상이다.,97,concept
389,4,스케줄링 SJF,준비 상태 큐에 있는 프로세스 중 실행 시간이 가장 짧은 프로세스에게 먼저 CPU를 할당하는 스케줄링 기법은?,FCFS,SJF(Shortest Job First),라운드로빈(RR),HRN,2,SJF는 실행(서비스) 시간이 가장 짧은 프로세스를 먼저 처리하는 비선점 스케줄링 기법이다.,98,concept
390,4,스케줄링 SJF,준비 상태 큐에 있는 프로세스 중 실행 시간이 가장 짧은 프로세스에게 먼저 CPU를 할당하는 스케줄링 기법은?,SJF(Shortest Job First),라운드로빈(RR),HRN,FCFS,1,SJF는 실행(서비스) 시간이 가장 짧은 프로세스를 먼저 처리하는 비선점 스케줄링 기법이다.,98,concept
391,4,스케줄링 SJF,다음 중 준비 상태 큐에 있는 프로세스 중 실행 시간이 가장 짧은 프로세스에게 먼저 CPU를 할당하는 스케줄링 기법은?,라운드로빈(RR),HRN,FCFS,SJF(Shortest Job First),4,SJF는 실행(서비스) 시간이 가장 짧은 프로세스를 먼저 처리하는 비선점 스케줄링 기법이다.,98,concept
392,4,스케줄링 SJF,보기 중에서 준비 상태 큐에 있는 프로세스 중 실행 시간이 가장 짧은 프로세스에게 먼저 CPU를 할당하는 스케줄링 기법은?,HRN,라운드로빈(RR),SJF(Shortest Job First),FCFS,3,SJF는 실행(서비스) 시간이 가장 짧은 프로세스를 먼저 처리하는 비선점 스케줄링 기법이다.,98,concept
393,4,IPv4/IPv6,"16비트씩 8부분, 총 128비트로 구성되며 콜론(:)으로 구분하는 인터넷 주소 체계는?",IPv4,IPv6,MAC 주소,서브넷 마스크,2,IPv6은 16비트씩 8부분(총 128비트)으로 구성되며 콜론으로 구분해 16진수로 표현한다. IPv4는 8비트씩 4부분(총 32비트)으로 구성된다.,99,concept
394,4,IPv4/IPv6,"16비트씩 8부분, 총 128비트로 구성되며 콜론(:)으로 구분하는 인터넷 주소 체계는?",IPv6,MAC 주소,서브넷 마스크,IPv4,1,IPv6은 16비트씩 8부분(총 128비트)으로 구성되며 콜론으로 구분해 16진수로 표현한다. IPv4는 8비트씩 4부분(총 32비트)으로 구성된다.,99,concept
395,4,IPv4/IPv6,"다음 중 16비트씩 8부분, 총 128비트로 구성되며 콜론(:)으로 구분하는 인터넷 주소 체계는?",MAC 주소,서브넷 마스크,IPv4,IPv6,4,IPv6은 16비트씩 8부분(총 128비트)으로 구성되며 콜론으로 구분해 16진수로 표현한다. IPv4는 8비트씩 4부분(총 32비트)으로 구성된다.,99,concept
396,4,IPv4/IPv6,"보기 중에서 16비트씩 8부분, 총 128비트로 구성되며 콜론(:)으로 구분하는 인터넷 주소 체계는?",서브넷 마스크,MAC 주소,IPv6,IPv4,3,IPv6은 16비트씩 8부분(총 128비트)으로 구성되며 콜론으로 구분해 16진수로 표현한다. IPv4는 8비트씩 4부분(총 32비트)으로 구성된다.,99,concept
397,4,OSI 7계층 - 전송 계층,"종단 시스템(End-to-End) 간에 투명한 데이터 전송을 가능하게 하며, 오류 제어와 흐름 제어를 담당하는 OSI 계층은?",데이터 링크 계층,네트워크 계층,전송 계층,세션 계층,3,"전송 계층(Transport Layer)은 종단 간 신뢰성 있는 데이터 전송, 오류 제어, 흐름 제어, 다중화 기능을 담당한다.",100,concept
398,4,OSI 7계층 - 전송 계층,"종단 시스템(End-to-End) 간에 투명한 데이터 전송을 가능하게 하며, 오류 제어와 흐름 제어를 담당하는 OSI 계층은?",네트워크 계층,전송 계층,세션 계층,데이터 링크 계층,2,"전송 계층(Transport Layer)은 종단 간 신뢰성 있는 데이터 전송, 오류 제어, 흐름 제어, 다중화 기능을 담당한다.",100,concept
399,4,OSI 7계층 - 전송 계층,"다음 중 종단 시스템(End-to-End) 간에 투명한 데이터 전송을 가능하게 하며, 오류 제어와 흐름 제어를 담당하는 OSI 계층은?",전송 계층,세션 계층,데이터 링크 계층,네트워크 계층,1,"전송 계층(Transport Layer)은 종단 간 신뢰성 있는 데이터 전송, 오류 제어, 흐름 제어, 다중화 기능을 담당한다.",100,concept
400,4,OSI 7계층 - 전송 계층,"보기 중에서 종단 시스템(End-to-End) 간에 투명한 데이터 전송을 가능하게 하며, 오류 제어와 흐름 제어를 담당하는 OSI 계층은?",세션 계층,전송 계층,네트워크 계층,데이터 링크 계층,2,"전송 계층(Transport Layer)은 종단 간 신뢰성 있는 데이터 전송, 오류 제어, 흐름 제어, 다중화 기능을 담당한다.",100,concept
401,4,네트워크 장비,LAN과 LAN을 연결하여 훨씬 더 큰 LAN을 만드는 네트워크 장비는?,리피터(Repeater),브리지(Bridge),스위치(Switch),라우터(Router),3,"스위치는 LAN과 LAN을 연결해 더 큰 LAN을 구성하는 장비이며, 라우터는 서로 다른 네트워크 간 최적 경로를 선택하는 장비이다.",101,concept
402,4,네트워크 장비,LAN과 LAN을 연결하여 훨씬 더 큰 LAN을 만드는 네트워크 장비는?,브리지(Bridge),스위치(Switch),라우터(Router),리피터(Repeater),2,"스위치는 LAN과 LAN을 연결해 더 큰 LAN을 구성하는 장비이며, 라우터는 서로 다른 네트워크 간 최적 경로를 선택하는 장비이다.",101,concept
403,4,네트워크 장비,다음 중 LAN과 LAN을 연결하여 훨씬 더 큰 LAN을 만드는 네트워크 장비는?,스위치(Switch),라우터(Router),리피터(Repeater),브리지(Bridge),1,"스위치는 LAN과 LAN을 연결해 더 큰 LAN을 구성하는 장비이며, 라우터는 서로 다른 네트워크 간 최적 경로를 선택하는 장비이다.",101,concept
404,4,네트워크 장비,보기 중에서 LAN과 LAN을 연결하여 훨씬 더 큰 LAN을 만드는 네트워크 장비는?,라우터(Router),스위치(Switch),브리지(Bridge),리피터(Repeater),2,"스위치는 LAN과 LAN을 연결해 더 큰 LAN을 구성하는 장비이며, 라우터는 서로 다른 네트워크 간 최적 경로를 선택하는 장비이다.",101,concept
405,4,TCP/UDP,비연결형 서비스를 제공하며 흐름·순서 제어가 없어 전송 속도가 빠른 전송 계층 프로토콜은?,TCP,UDP,ARP,ICMP,2,UDP는 비연결형 서비스로 흐름·순서 제어가 없어 전송 속도가 빠르며 실시간 전송에 유리하다. TCP는 신뢰성 있는 연결형 서비스를 제공한다.,102,concept
406,4,TCP/UDP,비연결형 서비스를 제공하며 흐름·순서 제어가 없어 전송 속도가 빠른 전송 계층 프로토콜은?,UDP,ARP,ICMP,TCP,1,UDP는 비연결형 서비스로 흐름·순서 제어가 없어 전송 속도가 빠르며 실시간 전송에 유리하다. TCP는 신뢰성 있는 연결형 서비스를 제공한다.,102,concept
407,4,TCP/UDP,다음 중 비연결형 서비스를 제공하며 흐름·순서 제어가 없어 전송 속도가 빠른 전송 계층 프로토콜은?,ARP,ICMP,TCP,UDP,4,UDP는 비연결형 서비스로 흐름·순서 제어가 없어 전송 속도가 빠르며 실시간 전송에 유리하다. TCP는 신뢰성 있는 연결형 서비스를 제공한다.,102,concept
408,4,TCP/UDP,보기 중에서 비연결형 서비스를 제공하며 흐름·순서 제어가 없어 전송 속도가 빠른 전송 계층 프로토콜은?,ICMP,ARP,UDP,TCP,3,UDP는 비연결형 서비스로 흐름·순서 제어가 없어 전송 속도가 빠르며 실시간 전송에 유리하다. TCP는 신뢰성 있는 연결형 서비스를 제공한다.,102,concept
409,4,ARP,호스트의 IP 주소를 네트워크 접속 장치의 물리적 주소(MAC Address)로 바꾸는 프로토콜은?,ARP,RARP,ICMP,DHCP,1,ARP(Address Resolution Protocol)는 IP 주소를 MAC 주소로 변환하는 프로토콜이다.,103,concept
410,4,ARP,호스트의 IP 주소를 네트워크 접속 장치의 물리적 주소(MAC Address)로 바꾸는 프로토콜은?,RARP,ICMP,DHCP,ARP,4,ARP(Address Resolution Protocol)는 IP 주소를 MAC 주소로 변환하는 프로토콜이다.,103,concept
411,4,ARP,다음 중 호스트의 IP 주소를 네트워크 접속 장치의 물리적 주소(MAC Address)로 바꾸는 프로토콜은?,ICMP,DHCP,ARP,RARP,3,ARP(Address Resolution Protocol)는 IP 주소를 MAC 주소로 변환하는 프로토콜이다.,103,concept
412,4,ARP,보기 중에서 호스트의 IP 주소를 네트워크 접속 장치의 물리적 주소(MAC Address)로 바꾸는 프로토콜은?,DHCP,ICMP,RARP,ARP,4,ARP(Address Resolution Protocol)는 IP 주소를 MAC 주소로 변환하는 프로토콜이다.,103,concept
413,5,소프트웨어 개발 방법론,정형화된 분석 절차에 따라 사용자 요구사항을 파악해 문서화하는 처리(Process) 중심의 방법론은?,구조적 방법론,정보공학 방법론,객체지향 방법론,CBD 방법론,1,구조적 방법론은 분할과 정복 원리를 적용해 처리(프로세스) 중심으로 요구사항을 분석·문서화하는 방법론이다.,104,concept
414,5,소프트웨어 개발 방법론,정형화된 분석 절차에 따라 사용자 요구사항을 파악해 문서화하는 처리(Process) 중심의 방법론은?,정보공학 방법론,객체지향 방법론,CBD 방법론,구조적 방법론,4,구조적 방법론은 분할과 정복 원리를 적용해 처리(프로세스) 중심으로 요구사항을 분석·문서화하는 방법론이다.,104,concept
415,5,소프트웨어 개발 방법론,다음 중 정형화된 분석 절차에 따라 사용자 요구사항을 파악해 문서화하는 처리(Process) 중심의 방법론은?,객체지향 방법론,CBD 방법론,구조적 방법론,정보공학 방법론,3,구조적 방법론은 분할과 정복 원리를 적용해 처리(프로세스) 중심으로 요구사항을 분석·문서화하는 방법론이다.,104,concept
416,5,소프트웨어 개발 방법론,보기 중에서 정형화된 분석 절차에 따라 사용자 요구사항을 파악해 문서화하는 처리(Process) 중심의 방법론은?,CBD 방법론,객체지향 방법론,정보공학 방법론,구조적 방법론,4,구조적 방법론은 분할과 정복 원리를 적용해 처리(프로세스) 중심으로 요구사항을 분석·문서화하는 방법론이다.,104,concept
417,5,정보공학 방법론,"정보시스템 개발을 위해 정형화된 기법들을 통합·적용하는 자료(Data) 중심의 방법론으로, ERD를 사용하는 것은?",구조적 방법론,정보공학 방법론,CBD 방법론,애자일 방법론,2,정보공학 방법론은 데이터베이스 설계를 위한 데이터 모델링으로 개체관계도(ERD)를 사용하는 자료 중심 방법론이다.,105,concept
418,5,정보공학 방법론,"정보시스템 개발을 위해 정형화된 기법들을 통합·적용하는 자료(Data) 중심의 방법론으로, ERD를 사용하는 것은?",정보공학 방법론,CBD 방법론,애자일 방법론,구조적 방법론,1,정보공학 방법론은 데이터베이스 설계를 위한 데이터 모델링으로 개체관계도(ERD)를 사용하는 자료 중심 방법론이다.,105,concept
419,5,정보공학 방법론,"다음 중 정보시스템 개발을 위해 정형화된 기법들을 통합·적용하는 자료(Data) 중심의 방법론으로, ERD를 사용하는 것은?",CBD 방법론,애자일 방법론,구조적 방법론,정보공학 방법론,4,정보공학 방법론은 데이터베이스 설계를 위한 데이터 모델링으로 개체관계도(ERD)를 사용하는 자료 중심 방법론이다.,105,concept
420,5,정보공학 방법론,"보기 중에서 정보시스템 개발을 위해 정형화된 기법들을 통합·적용하는 자료(Data) 중심의 방법론으로, ERD를 사용하는 것은?",애자일 방법론,CBD 방법론,정보공학 방법론,구조적 방법론,3,정보공학 방법론은 데이터베이스 설계를 위한 데이터 모델링으로 개체관계도(ERD)를 사용하는 자료 중심 방법론이다.,105,concept
421,5,소프트웨어 재사용 방법,전자칩과 같은 소프트웨어 부품(모듈)을 만들어 끼워 맞추어 소프트웨어를 완성시키는 재사용 방법은?,합성 중심,생성 중심,패턴 중심,추상 중심,1,"합성 중심은 모듈(부품)을 조합해 완성하는 방법이며, 생성 중심은 추상화된 명세를 구체화해 프로그램을 만드는 방법이다.",106,concept
422,5,소프트웨어 재사용 방법,전자칩과 같은 소프트웨어 부품(모듈)을 만들어 끼워 맞추어 소프트웨어를 완성시키는 재사용 방법은?,생성 중심,패턴 중심,추상 중심,합성 중심,4,"합성 중심은 모듈(부품)을 조합해 완성하는 방법이며, 생성 중심은 추상화된 명세를 구체화해 프로그램을 만드는 방법이다.",106,concept
423,5,소프트웨어 재사용 방법,다음 중 전자칩과 같은 소프트웨어 부품(모듈)을 만들어 끼워 맞추어 소프트웨어를 완성시키는 재사용 방법은?,패턴 중심,추상 중심,합성 중심,생성 중심,3,"합성 중심은 모듈(부품)을 조합해 완성하는 방법이며, 생성 중심은 추상화된 명세를 구체화해 프로그램을 만드는 방법이다.",106,concept
424,5,소프트웨어 재사용 방법,보기 중에서 전자칩과 같은 소프트웨어 부품(모듈)을 만들어 끼워 맞추어 소프트웨어를 완성시키는 재사용 방법은?,추상 중심,패턴 중심,생성 중심,합성 중심,4,"합성 중심은 모듈(부품)을 조합해 완성하는 방법이며, 생성 중심은 추상화된 명세를 구체화해 프로그램을 만드는 방법이다.",106,concept
425,5,소프트웨어 재공학 활동,기존 소프트웨어를 분석해 개발 과정과 데이터 처리 과정을 다시 발견하거나 만들어내는 재공학 활동은?,분석(Analysis),재구성(Restructuring),역공학(Reverse Engineering),이식(Migration),3,"역공학은 기존 소프트웨어를 분석해 설계 정보를 재발견하는 활동이며, 이식은 다른 환경에서 사용 가능하도록 변환하는 활동이다.",107,concept
426,5,소프트웨어 재공학 활동,기존 소프트웨어를 분석해 개발 과정과 데이터 처리 과정을 다시 발견하거나 만들어내는 재공학 활동은?,재구성(Restructuring),역공학(Reverse Engineering),이식(Migration),분석(Analysis),2,"역공학은 기존 소프트웨어를 분석해 설계 정보를 재발견하는 활동이며, 이식은 다른 환경에서 사용 가능하도록 변환하는 활동이다.",107,concept
427,5,소프트웨어 재공학 활동,다음 중 기존 소프트웨어를 분석해 개발 과정과 데이터 처리 과정을 다시 발견하거나 만들어내는 재공학 활동은?,역공학(Reverse Engineering),이식(Migration),분석(Analysis),재구성(Restructuring),1,"역공학은 기존 소프트웨어를 분석해 설계 정보를 재발견하는 활동이며, 이식은 다른 환경에서 사용 가능하도록 변환하는 활동이다.",107,concept
428,5,소프트웨어 재공학 활동,보기 중에서 기존 소프트웨어를 분석해 개발 과정과 데이터 처리 과정을 다시 발견하거나 만들어내는 재공학 활동은?,이식(Migration),역공학(Reverse Engineering),재구성(Restructuring),분석(Analysis),2,"역공학은 기존 소프트웨어를 분석해 설계 정보를 재발견하는 활동이며, 이식은 다른 환경에서 사용 가능하도록 변환하는 활동이다.",107,concept
429,5,CASE,소프트웨어 개발 과정 전체 또는 일부를 컴퓨터와 전용 소프트웨어 도구를 사용해 자동화하는 것은?,CASE,CMMI,SPICE,ISO 12207,1,CASE(Computer Aided Software Engineering)는 개발 과정을 자동화 도구로 지원하는 것이다.,108,concept
430,5,CASE,소프트웨어 개발 과정 전체 또는 일부를 컴퓨터와 전용 소프트웨어 도구를 사용해 자동화하는 것은?,CMMI,SPICE,ISO 12207,CASE,4,CASE(Computer Aided Software Engineering)는 개발 과정을 자동화 도구로 지원하는 것이다.,108,concept
431,5,CASE,다음 중 소프트웨어 개발 과정 전체 또는 일부를 컴퓨터와 전용 소프트웨어 도구를 사용해 자동화하는 것은?,SPICE,ISO 12207,CASE,CMMI,3,CASE(Computer Aided Software Engineering)는 개발 과정을 자동화 도구로 지원하는 것이다.,108,concept
432,5,CASE,보기 중에서 소프트웨어 개발 과정 전체 또는 일부를 컴퓨터와 전용 소프트웨어 도구를 사용해 자동화하는 것은?,ISO 12207,SPICE,CMMI,CASE,4,CASE(Computer Aided Software Engineering)는 개발 과정을 자동화 도구로 지원하는 것이다.,108,concept
433,5,LOC 기법,소프트웨어 각 기능의 원시 코드 라인 수의 낙관치·기대치·비관치를 측정해 비용을 산정하는 기법은?,LOC 기법,COCOMO 모형,Putnam 모형,기능점수(FP) 모형,1,LOC 기법은 예측치={낙관치+(4×기대치)+비관치}÷6 공식으로 원시 코드 라인 수를 측정해 비용을 산정하는 기법이다.,109,concept
434,5,LOC 기법,소프트웨어 각 기능의 원시 코드 라인 수의 낙관치·기대치·비관치를 측정해 비용을 산정하는 기법은?,COCOMO 모형,Putnam 모형,기능점수(FP) 모형,LOC 기법,4,LOC 기법은 예측치={낙관치+(4×기대치)+비관치}÷6 공식으로 원시 코드 라인 수를 측정해 비용을 산정하는 기법이다.,109,concept
435,5,LOC 기법,다음 중 소프트웨어 각 기능의 원시 코드 라인 수의 낙관치·기대치·비관치를 측정해 비용을 산정하는 기법은?,Putnam 모형,기능점수(FP) 모형,LOC 기법,COCOMO 모형,3,LOC 기법은 예측치={낙관치+(4×기대치)+비관치}÷6 공식으로 원시 코드 라인 수를 측정해 비용을 산정하는 기법이다.,109,concept
436,5,LOC 기법,보기 중에서 소프트웨어 각 기능의 원시 코드 라인 수의 낙관치·기대치·비관치를 측정해 비용을 산정하는 기법은?,기능점수(FP) 모형,Putnam 모형,COCOMO 모형,LOC 기법,4,LOC 기법은 예측치={낙관치+(4×기대치)+비관치}÷6 공식으로 원시 코드 라인 수를 측정해 비용을 산정하는 기법이다.,109,concept
437,5,COCOMO 모형,"보헴(Boehm)이 제안한, 원시 프로그램의 규모(LOC)에 의한 비용 산정 기법은?",LOC 기법,COCOMO,Putnam 모형,PERT,2,"COCOMO는 보헴이 제안한 LOC 기반 비용 산정 기법으로, 조직형·반분리형·내장형으로 개발 유형을 분류한다.",110,concept
438,5,COCOMO 모형,"보헴(Boehm)이 제안한, 원시 프로그램의 규모(LOC)에 의한 비용 산정 기법은?",COCOMO,Putnam 모형,PERT,LOC 기법,1,"COCOMO는 보헴이 제안한 LOC 기반 비용 산정 기법으로, 조직형·반분리형·내장형으로 개발 유형을 분류한다.",110,concept
439,5,COCOMO 모형,"다음 중 보헴(Boehm)이 제안한, 원시 프로그램의 규모(LOC)에 의한 비용 산정 기법은?",Putnam 모형,PERT,LOC 기법,COCOMO,4,"COCOMO는 보헴이 제안한 LOC 기반 비용 산정 기법으로, 조직형·반분리형·내장형으로 개발 유형을 분류한다.",110,concept
440,5,COCOMO 모형,"보기 중에서 보헴(Boehm)이 제안한, 원시 프로그램의 규모(LOC)에 의한 비용 산정 기법은?",PERT,Putnam 모형,COCOMO,LOC 기법,3,"COCOMO는 보헴이 제안한 LOC 기반 비용 산정 기법으로, 조직형·반분리형·내장형으로 개발 유형을 분류한다.",110,concept
441,5,COCOMO 개발유형,"COCOMO의 소프트웨어 개발 유형 중, 5만 라인(50KDSI) 이하의 소규모 소프트웨어를 개발하는 유형은?",조직형(Organic Mode),반분리형(Semi-Detached Mode),내장형(Embedded Mode),혼합형(Hybrid Mode),1,"조직형은 5만 라인 이하의 중소규모 소프트웨어, 반분리형은 30만 라인 이하, 내장형은 30만 라인 이상의 초대형 소프트웨어 개발 유형이다.",111,concept
442,5,COCOMO 개발유형,"COCOMO의 소프트웨어 개발 유형 중, 5만 라인(50KDSI) 이하의 소규모 소프트웨어를 개발하는 유형은?",반분리형(Semi-Detached Mode),내장형(Embedded Mode),혼합형(Hybrid Mode),조직형(Organic Mode),4,"조직형은 5만 라인 이하의 중소규모 소프트웨어, 반분리형은 30만 라인 이하, 내장형은 30만 라인 이상의 초대형 소프트웨어 개발 유형이다.",111,concept
443,5,COCOMO 개발유형,"다음 중 COCOMO의 소프트웨어 개발 유형 중, 5만 라인(50KDSI) 이하의 소규모 소프트웨어를 개발하는 유형은?",내장형(Embedded Mode),혼합형(Hybrid Mode),조직형(Organic Mode),반분리형(Semi-Detached Mode),3,"조직형은 5만 라인 이하의 중소규모 소프트웨어, 반분리형은 30만 라인 이하, 내장형은 30만 라인 이상의 초대형 소프트웨어 개발 유형이다.",111,concept
444,5,COCOMO 개발유형,"보기 중에서 COCOMO의 소프트웨어 개발 유형 중, 5만 라인(50KDSI) 이하의 소규모 소프트웨어를 개발하는 유형은?",혼합형(Hybrid Mode),내장형(Embedded Mode),반분리형(Semi-Detached Mode),조직형(Organic Mode),4,"조직형은 5만 라인 이하의 중소규모 소프트웨어, 반분리형은 30만 라인 이하, 내장형은 30만 라인 이상의 초대형 소프트웨어 개발 유형이다.",111,concept
445,5,PERT,각 작업별로 낙관적·가능성 있는·비관적인 경우로 나누어 단계별 종료 시기를 결정하는 프로젝트 일정 기법은?,PERT,간트 차트(Gantt Chart),CPM,WBS,1,PERT(프로그램 평가 및 검토 기술)는 낙관치·기대치·비관치를 활용해 작업 종료 시기를 결정하고 임계 경로를 파악하는 기법이다.,112,concept
446,5,PERT,각 작업별로 낙관적·가능성 있는·비관적인 경우로 나누어 단계별 종료 시기를 결정하는 프로젝트 일정 기법은?,간트 차트(Gantt Chart),CPM,WBS,PERT,4,PERT(프로그램 평가 및 검토 기술)는 낙관치·기대치·비관치를 활용해 작업 종료 시기를 결정하고 임계 경로를 파악하는 기법이다.,112,concept
447,5,PERT,다음 중 각 작업별로 낙관적·가능성 있는·비관적인 경우로 나누어 단계별 종료 시기를 결정하는 프로젝트 일정 기법은?,CPM,WBS,PERT,간트 차트(Gantt Chart),3,PERT(프로그램 평가 및 검토 기술)는 낙관치·기대치·비관치를 활용해 작업 종료 시기를 결정하고 임계 경로를 파악하는 기법이다.,112,concept
448,5,PERT,보기 중에서 각 작업별로 낙관적·가능성 있는·비관적인 경우로 나누어 단계별 종료 시기를 결정하는 프로젝트 일정 기법은?,WBS,CPM,간트 차트(Gantt Chart),PERT,4,PERT(프로그램 평가 및 검토 기술)는 낙관치·기대치·비관치를 활용해 작업 종료 시기를 결정하고 임계 경로를 파악하는 기법이다.,112,concept
449,5,간트 차트,"프로젝트의 작업 일정을 막대 도표로 표시하며, 수평 막대의 길이가 각 작업의 기간을 나타내는 도구는?",간트 차트(Gantt Chart),PERT 차트,WBS,임계경로도,1,간트 차트는 각 작업(Task)의 기간을 수평 막대의 길이로 표현하는 프로젝트 일정표이다.,113,concept
450,5,간트 차트,"프로젝트의 작업 일정을 막대 도표로 표시하며, 수평 막대의 길이가 각 작업의 기간을 나타내는 도구는?",PERT 차트,WBS,임계경로도,간트 차트(Gantt Chart),4,간트 차트는 각 작업(Task)의 기간을 수평 막대의 길이로 표현하는 프로젝트 일정표이다.,113,concept
451,5,간트 차트,"다음 중 프로젝트의 작업 일정을 막대 도표로 표시하며, 수평 막대의 길이가 각 작업의 기간을 나타내는 도구는?",WBS,임계경로도,간트 차트(Gantt Chart),PERT 차트,3,간트 차트는 각 작업(Task)의 기간을 수평 막대의 길이로 표현하는 프로젝트 일정표이다.,113,concept
452,5,간트 차트,"보기 중에서 프로젝트의 작업 일정을 막대 도표로 표시하며, 수평 막대의 길이가 각 작업의 기간을 나타내는 도구는?",임계경로도,WBS,PERT 차트,간트 차트(Gantt Chart),4,간트 차트는 각 작업(Task)의 기간을 수평 막대의 길이로 표현하는 프로젝트 일정표이다.,113,concept
453,5,CMMI 성숙도 5단계,CMMI의 소프트웨어 프로세스 성숙도 5단계 중 가장 낮은 단계는?,초기(Initial),관리(Managed),정의(Defined),최적화(Optimizing),1,CMMI 성숙도는 초기→관리→정의→정량적 관리→최적화 순으로 높아진다.,114,concept
454,5,CMMI 성숙도 5단계,CMMI의 소프트웨어 프로세스 성숙도 5단계 중 가장 낮은 단계는?,관리(Managed),정의(Defined),최적화(Optimizing),초기(Initial),4,CMMI 성숙도는 초기→관리→정의→정량적 관리→최적화 순으로 높아진다.,114,concept
455,5,CMMI 성숙도 5단계,다음 중 CMMI의 소프트웨어 프로세스 성숙도 5단계 중 가장 낮은 단계는?,정의(Defined),최적화(Optimizing),초기(Initial),관리(Managed),3,CMMI 성숙도는 초기→관리→정의→정량적 관리→최적화 순으로 높아진다.,114,concept
456,5,CMMI 성숙도 5단계,보기 중에서 CMMI의 소프트웨어 프로세스 성숙도 5단계 중 가장 낮은 단계는?,최적화(Optimizing),정의(Defined),관리(Managed),초기(Initial),4,CMMI 성숙도는 초기→관리→정의→정량적 관리→최적화 순으로 높아진다.,114,concept
457,5,SPICE,소프트웨어의 품질 및 생산성 향상을 위해 프로세스를 평가·개선하는 국제 표준은?,SPICE,CMMI,ISO 9126,ISO 12207,1,SPICE(소프트웨어 처리 개선 및 능력 평가 기준)는 프로세스 수행 능력을 Level 0(불완전)부터 Level 5(최적화)까지 평가하는 국제 표준이다.,115,concept
458,5,SPICE,소프트웨어의 품질 및 생산성 향상을 위해 프로세스를 평가·개선하는 국제 표준은?,CMMI,ISO 9126,ISO 12207,SPICE,4,SPICE(소프트웨어 처리 개선 및 능력 평가 기준)는 프로세스 수행 능력을 Level 0(불완전)부터 Level 5(최적화)까지 평가하는 국제 표준이다.,115,concept
459,5,SPICE,다음 중 소프트웨어의 품질 및 생산성 향상을 위해 프로세스를 평가·개선하는 국제 표준은?,ISO 9126,ISO 12207,SPICE,CMMI,3,SPICE(소프트웨어 처리 개선 및 능력 평가 기준)는 프로세스 수행 능력을 Level 0(불완전)부터 Level 5(최적화)까지 평가하는 국제 표준이다.,115,concept
460,5,SPICE,보기 중에서 소프트웨어의 품질 및 생산성 향상을 위해 프로세스를 평가·개선하는 국제 표준은?,ISO 12207,ISO 9126,CMMI,SPICE,4,SPICE(소프트웨어 처리 개선 및 능력 평가 기준)는 프로세스 수행 능력을 Level 0(불완전)부터 Level 5(최적화)까지 평가하는 국제 표준이다.,115,concept
461,5,개발방법론 테일러링,프로젝트 상황과 특성에 맞도록 정의된 소프트웨어 개발 방법론의 절차·기법 등을 수정·보완하는 작업은?,테일러링(Tailoring),형상관리,형상감사,품질보증,1,"테일러링은 프로젝트 특성(목표환경, 요구사항, 규모, 보유기술 등)에 맞게 표준 개발 방법론을 수정·보완하는 작업이다.",116,concept
462,5,개발방법론 테일러링,프로젝트 상황과 특성에 맞도록 정의된 소프트웨어 개발 방법론의 절차·기법 등을 수정·보완하는 작업은?,형상관리,형상감사,품질보증,테일러링(Tailoring),4,"테일러링은 프로젝트 특성(목표환경, 요구사항, 규모, 보유기술 등)에 맞게 표준 개발 방법론을 수정·보완하는 작업이다.",116,concept
463,5,개발방법론 테일러링,다음 중 프로젝트 상황과 특성에 맞도록 정의된 소프트웨어 개발 방법론의 절차·기법 등을 수정·보완하는 작업은?,형상감사,품질보증,테일러링(Tailoring),형상관리,3,"테일러링은 프로젝트 특성(목표환경, 요구사항, 규모, 보유기술 등)에 맞게 표준 개발 방법론을 수정·보완하는 작업이다.",116,concept
464,5,개발방법론 테일러링,보기 중에서 프로젝트 상황과 특성에 맞도록 정의된 소프트웨어 개발 방법론의 절차·기법 등을 수정·보완하는 작업은?,품질보증,형상감사,형상관리,테일러링(Tailoring),4,"테일러링은 프로젝트 특성(목표환경, 요구사항, 규모, 보유기술 등)에 맞게 표준 개발 방법론을 수정·보완하는 작업이다.",116,concept
465,5,소프트웨어 개발 프레임워크,소프트웨어 개발에 공통으로 사용되는 구성요소와 아키텍처를 일반화해 제공하는 반제품 형태의 소프트웨어 시스템은?,소프트웨어 개발 프레임워크,미들웨어,라이브러리,API,1,"프레임워크는 공통 구성요소·아키텍처를 일반화해 제공하는 반제품 형태로, 개발자가 관리할 객체 제어를 프레임워크에 넘겨 생산성을 높인다.",117,concept
466,5,소프트웨어 개발 프레임워크,소프트웨어 개발에 공통으로 사용되는 구성요소와 아키텍처를 일반화해 제공하는 반제품 형태의 소프트웨어 시스템은?,미들웨어,라이브러리,API,소프트웨어 개발 프레임워크,4,"프레임워크는 공통 구성요소·아키텍처를 일반화해 제공하는 반제품 형태로, 개발자가 관리할 객체 제어를 프레임워크에 넘겨 생산성을 높인다.",117,concept
467,5,소프트웨어 개발 프레임워크,다음 중 소프트웨어 개발에 공통으로 사용되는 구성요소와 아키텍처를 일반화해 제공하는 반제품 형태의 소프트웨어 시스템은?,라이브러리,API,소프트웨어 개발 프레임워크,미들웨어,3,"프레임워크는 공통 구성요소·아키텍처를 일반화해 제공하는 반제품 형태로, 개발자가 관리할 객체 제어를 프레임워크에 넘겨 생산성을 높인다.",117,concept
468,5,소프트웨어 개발 프레임워크,보기 중에서 소프트웨어 개발에 공통으로 사용되는 구성요소와 아키텍처를 일반화해 제공하는 반제품 형태의 소프트웨어 시스템은?,API,라이브러리,미들웨어,소프트웨어 개발 프레임워크,4,"프레임워크는 공통 구성요소·아키텍처를 일반화해 제공하는 반제품 형태로, 개발자가 관리할 객체 제어를 프레임워크에 넘겨 생산성을 높인다.",117,concept
469,5,SDN,네트워크를 컴퓨터처럼 모델링하여 소프트웨어로 네트워킹을 가상화해 제어·관리하는 기술은?,SDN(Software Defined Networking),SDS(Software-Defined Storage),SDDC,VPN,1,"SDN은 네트워크를 소프트웨어로 가상화하여 제어·관리하는 기술이며, SDS는 스토리지를, SDDC는 데이터센터 전체를 가상화하는 기술이다.",118,concept
470,5,SDN,네트워크를 컴퓨터처럼 모델링하여 소프트웨어로 네트워킹을 가상화해 제어·관리하는 기술은?,SDS(Software-Defined Storage),SDDC,VPN,SDN(Software Defined Networking),4,"SDN은 네트워크를 소프트웨어로 가상화하여 제어·관리하는 기술이며, SDS는 스토리지를, SDDC는 데이터센터 전체를 가상화하는 기술이다.",118,concept
471,5,SDN,다음 중 네트워크를 컴퓨터처럼 모델링하여 소프트웨어로 네트워킹을 가상화해 제어·관리하는 기술은?,SDDC,VPN,SDN(Software Defined Networking),SDS(Software-Defined Storage),3,"SDN은 네트워크를 소프트웨어로 가상화하여 제어·관리하는 기술이며, SDS는 스토리지를, SDDC는 데이터센터 전체를 가상화하는 기술이다.",118,concept
472,5,SDN,보기 중에서 네트워크를 컴퓨터처럼 모델링하여 소프트웨어로 네트워킹을 가상화해 제어·관리하는 기술은?,VPN,SDDC,SDS(Software-Defined Storage),SDN(Software Defined Networking),4,"SDN은 네트워크를 소프트웨어로 가상화하여 제어·관리하는 기술이며, SDS는 스토리지를, SDDC는 데이터센터 전체를 가상화하는 기술이다.",118,concept
473,5,SSO,한 번의 로그인으로 개인이 가입한 모든 사이트를 이용할 수 있게 해주는 시스템은?,SSO(Single Sign On),OTP,PKI,VPN,1,SSO(Single Sign On)는 한 번의 인증으로 여러 시스템에 접근할 수 있게 하는 시스템이다.,119,concept
474,5,SSO,한 번의 로그인으로 개인이 가입한 모든 사이트를 이용할 수 있게 해주는 시스템은?,OTP,PKI,VPN,SSO(Single Sign On),4,SSO(Single Sign On)는 한 번의 인증으로 여러 시스템에 접근할 수 있게 하는 시스템이다.,119,concept
475,5,SSO,다음 중 한 번의 로그인으로 개인이 가입한 모든 사이트를 이용할 수 있게 해주는 시스템은?,PKI,VPN,SSO(Single Sign On),OTP,3,SSO(Single Sign On)는 한 번의 인증으로 여러 시스템에 접근할 수 있게 하는 시스템이다.,119,concept
476,5,SSO,보기 중에서 한 번의 로그인으로 개인이 가입한 모든 사이트를 이용할 수 있게 해주는 시스템은?,VPN,PKI,OTP,SSO(Single Sign On),4,SSO(Single Sign On)는 한 번의 인증으로 여러 시스템에 접근할 수 있게 하는 시스템이다.,119,concept
477,5,라우팅 프로토콜 RIP,"IGP에 속하는 거리 벡터 라우팅 프로토콜로, 최대 홉 수를 15로 제한하는 프로토콜은?",RIP,OSPF,BGP,EIGRP,1,RIP(Routing Information Protocol)는 거리 벡터 기반 IGP 프로토콜로 최대 홉 수를 15로 제한한다.,120,concept
478,5,라우팅 프로토콜 RIP,"IGP에 속하는 거리 벡터 라우팅 프로토콜로, 최대 홉 수를 15로 제한하는 프로토콜은?",OSPF,BGP,EIGRP,RIP,4,RIP(Routing Information Protocol)는 거리 벡터 기반 IGP 프로토콜로 최대 홉 수를 15로 제한한다.,120,concept
479,5,라우팅 프로토콜 RIP,"다음 중 IGP에 속하는 거리 벡터 라우팅 프로토콜로, 최대 홉 수를 15로 제한하는 프로토콜은?",BGP,EIGRP,RIP,OSPF,3,RIP(Routing Information Protocol)는 거리 벡터 기반 IGP 프로토콜로 최대 홉 수를 15로 제한한다.,120,concept
480,5,라우팅 프로토콜 RIP,"보기 중에서 IGP에 속하는 거리 벡터 라우팅 프로토콜로, 최대 홉 수를 15로 제한하는 프로토콜은?",EIGRP,BGP,OSPF,RIP,4,RIP(Routing Information Protocol)는 거리 벡터 기반 IGP 프로토콜로 최대 홉 수를 15로 제한한다.,120,concept
481,5,보안 3대 요소,"정보 보안의 3대 요소 중, 인가된 사용자만 정보를 수정할 수 있다는 것을 의미하는 요소는?",기밀성(Confidentiality),무결성(Integrity),가용성(Availability),신뢰성(Reliability),2,"무결성은 인가된 사용자만 정보를 수정할 수 있음을, 기밀성은 인가된 사용자만 접근·열람할 수 있음을, 가용성은 인가된 사용자가 언제든 사용할 수 있음을 의미한다.",121,concept
482,5,보안 3대 요소,"정보 보안의 3대 요소 중, 인가된 사용자만 정보를 수정할 수 있다는 것을 의미하는 요소는?",무결성(Integrity),가용성(Availability),신뢰성(Reliability),기밀성(Confidentiality),1,"무결성은 인가된 사용자만 정보를 수정할 수 있음을, 기밀성은 인가된 사용자만 접근·열람할 수 있음을, 가용성은 인가된 사용자가 언제든 사용할 수 있음을 의미한다.",121,concept
483,5,보안 3대 요소,"다음 중 정보 보안의 3대 요소 중, 인가된 사용자만 정보를 수정할 수 있다는 것을 의미하는 요소는?",가용성(Availability),신뢰성(Reliability),기밀성(Confidentiality),무결성(Integrity),4,"무결성은 인가된 사용자만 정보를 수정할 수 있음을, 기밀성은 인가된 사용자만 접근·열람할 수 있음을, 가용성은 인가된 사용자가 언제든 사용할 수 있음을 의미한다.",121,concept
484,5,보안 3대 요소,"보기 중에서 정보 보안의 3대 요소 중, 인가된 사용자만 정보를 수정할 수 있다는 것을 의미하는 요소는?",신뢰성(Reliability),가용성(Availability),무결성(Integrity),기밀성(Confidentiality),3,"무결성은 인가된 사용자만 정보를 수정할 수 있음을, 기밀성은 인가된 사용자만 접근·열람할 수 있음을, 가용성은 인가된 사용자가 언제든 사용할 수 있음을 의미한다.",121,concept
485,5,SQL 삽입,웹 응용 프로그램에 SQL을 삽입해 내부 DB 서버의 데이터를 유출·변조하거나 관리자 인증을 우회하는 보안 약점은?,SQL 삽입(SQL Injection),크로스사이트 스크립팅(XSS),메모리 버퍼 오버플로,세션 하이재킹,1,SQL 삽입은 웹 애플리케이션에 조작된 SQL 구문을 삽입해 DB를 공격하는 대표적인 웹 보안 취약점이다.,122,concept
486,5,SQL 삽입,웹 응용 프로그램에 SQL을 삽입해 내부 DB 서버의 데이터를 유출·변조하거나 관리자 인증을 우회하는 보안 약점은?,크로스사이트 스크립팅(XSS),메모리 버퍼 오버플로,세션 하이재킹,SQL 삽입(SQL Injection),4,SQL 삽입은 웹 애플리케이션에 조작된 SQL 구문을 삽입해 DB를 공격하는 대표적인 웹 보안 취약점이다.,122,concept
487,5,SQL 삽입,다음 중 웹 응용 프로그램에 SQL을 삽입해 내부 DB 서버의 데이터를 유출·변조하거나 관리자 인증을 우회하는 보안 약점은?,메모리 버퍼 오버플로,세션 하이재킹,SQL 삽입(SQL Injection),크로스사이트 스크립팅(XSS),3,SQL 삽입은 웹 애플리케이션에 조작된 SQL 구문을 삽입해 DB를 공격하는 대표적인 웹 보안 취약점이다.,122,concept
488,5,SQL 삽입,보기 중에서 웹 응용 프로그램에 SQL을 삽입해 내부 DB 서버의 데이터를 유출·변조하거나 관리자 인증을 우회하는 보안 약점은?,세션 하이재킹,메모리 버퍼 오버플로,크로스사이트 스크립팅(XSS),SQL 삽입(SQL Injection),4,SQL 삽입은 웹 애플리케이션에 조작된 SQL 구문을 삽입해 DB를 공격하는 대표적인 웹 보안 취약점이다.,122,concept
489,5,XSS,웹페이지에 악의적인 스크립트를 삽입하여 방문자의 정보를 탈취하는 보안 약점은?,SQL 삽입,크로스사이트 스크립팅(XSS),경로 조작,하드코드된 비밀번호,2,XSS(Cross Site Scripting)는 웹페이지에 악성 스크립트를 삽입해 방문자의 정보를 탈취하거나 비정상 기능을 유발하는 보안 약점이다.,123,concept
490,5,XSS,웹페이지에 악의적인 스크립트를 삽입하여 방문자의 정보를 탈취하는 보안 약점은?,크로스사이트 스크립팅(XSS),경로 조작,하드코드된 비밀번호,SQL 삽입,1,XSS(Cross Site Scripting)는 웹페이지에 악성 스크립트를 삽입해 방문자의 정보를 탈취하거나 비정상 기능을 유발하는 보안 약점이다.,123,concept
491,5,XSS,다음 중 웹페이지에 악의적인 스크립트를 삽입하여 방문자의 정보를 탈취하는 보안 약점은?,경로 조작,하드코드된 비밀번호,SQL 삽입,크로스사이트 스크립팅(XSS),4,XSS(Cross Site Scripting)는 웹페이지에 악성 스크립트를 삽입해 방문자의 정보를 탈취하거나 비정상 기능을 유발하는 보안 약점이다.,123,concept
492,5,XSS,보기 중에서 웹페이지에 악의적인 스크립트를 삽입하여 방문자의 정보를 탈취하는 보안 약점은?,하드코드된 비밀번호,경로 조작,크로스사이트 스크립팅(XSS),SQL 삽입,3,XSS(Cross Site Scripting)는 웹페이지에 악성 스크립트를 삽입해 방문자의 정보를 탈취하거나 비정상 기능을 유발하는 보안 약점이다.,123,concept
493,5,개인키 암호화,"동일한 키로 데이터를 암호화·복호화하며, 알고리즘이 단순해 속도가 빠른 암호화 방식은?",개인키(대칭키) 암호화,공개키(비대칭키) 암호화,해시 함수,전자서명,1,개인키(대칭키) 암호화는 동일한 키로 암호화·복호화하여 속도가 빠르지만 키 분배·관리가 어렵다.,124,concept
494,5,개인키 암호화,"동일한 키로 데이터를 암호화·복호화하며, 알고리즘이 단순해 속도가 빠른 암호화 방식은?",공개키(비대칭키) 암호화,해시 함수,전자서명,개인키(대칭키) 암호화,4,개인키(대칭키) 암호화는 동일한 키로 암호화·복호화하여 속도가 빠르지만 키 분배·관리가 어렵다.,124,concept
495,5,개인키 암호화,"다음 중 동일한 키로 데이터를 암호화·복호화하며, 알고리즘이 단순해 속도가 빠른 암호화 방식은?",해시 함수,전자서명,개인키(대칭키) 암호화,공개키(비대칭키) 암호화,3,개인키(대칭키) 암호화는 동일한 키로 암호화·복호화하여 속도가 빠르지만 키 분배·관리가 어렵다.,124,concept
496,5,개인키 암호화,"보기 중에서 동일한 키로 데이터를 암호화·복호화하며, 알고리즘이 단순해 속도가 빠른 암호화 방식은?",전자서명,해시 함수,공개키(비대칭키) 암호화,개인키(대칭키) 암호화,4,개인키(대칭키) 암호화는 동일한 키로 암호화·복호화하여 속도가 빠르지만 키 분배·관리가 어렵다.,124,concept
497,5,공개키 암호화,"공개키(Public Key)로 암호화하고 비밀키(Secret Key)로 복호화하며, 대표적으로 RSA가 있는 암호화 기법은?",대칭키 암호화,공개키 암호화,해시 암호화,스트림 암호화,2,"공개키 암호화는 암호화에 공개키, 복호화에 비밀키를 사용하는 비대칭키 방식으로 RSA가 대표적이며, 대상이 n개일 때 2n개의 키가 사용된다.",125,concept
498,5,공개키 암호화,"공개키(Public Key)로 암호화하고 비밀키(Secret Key)로 복호화하며, 대표적으로 RSA가 있는 암호화 기법은?",공개키 암호화,해시 암호화,스트림 암호화,대칭키 암호화,1,"공개키 암호화는 암호화에 공개키, 복호화에 비밀키를 사용하는 비대칭키 방식으로 RSA가 대표적이며, 대상이 n개일 때 2n개의 키가 사용된다.",125,concept
499,5,공개키 암호화,"다음 중 공개키(Public Key)로 암호화하고 비밀키(Secret Key)로 복호화하며, 대표적으로 RSA가 있는 암호화 기법은?",해시 암호화,스트림 암호화,대칭키 암호화,공개키 암호화,4,"공개키 암호화는 암호화에 공개키, 복호화에 비밀키를 사용하는 비대칭키 방식으로 RSA가 대표적이며, 대상이 n개일 때 2n개의 키가 사용된다.",125,concept
500,5,공개키 암호화,"보기 중에서 공개키(Public Key)로 암호화하고 비밀키(Secret Key)로 복호화하며, 대표적으로 RSA가 있는 암호화 기법은?",스트림 암호화,해시 암호화,공개키 암호화,대칭키 암호화,3,"공개키 암호화는 암호화에 공개키, 복호화에 비밀키를 사용하는 비대칭키 방식으로 RSA가 대표적이며, 대상이 n개일 때 2n개의 키가 사용된다.",125,concept
501,5,해시,"임의의 길이의 입력 데이터를 고정된 길이의 값으로 변환하며, 복호화가 거의 불가능한 일방향 함수는?",대칭키 암호화,공개키 암호화,해시(Hash),전자서명,3,"해시 함수는 임의 길이의 입력을 고정 길이 값으로 변환하는 일방향 함수로 SHA, MD5 등이 있으며 원문 복원이 거의 불가능하다.",126,concept
502,5,해시,"임의의 길이의 입력 데이터를 고정된 길이의 값으로 변환하며, 복호화가 거의 불가능한 일방향 함수는?",공개키 암호화,해시(Hash),전자서명,대칭키 암호화,2,"해시 함수는 임의 길이의 입력을 고정 길이 값으로 변환하는 일방향 함수로 SHA, MD5 등이 있으며 원문 복원이 거의 불가능하다.",126,concept
503,5,해시,"다음 중 임의의 길이의 입력 데이터를 고정된 길이의 값으로 변환하며, 복호화가 거의 불가능한 일방향 함수는?",해시(Hash),전자서명,대칭키 암호화,공개키 암호화,1,"해시 함수는 임의 길이의 입력을 고정 길이 값으로 변환하는 일방향 함수로 SHA, MD5 등이 있으며 원문 복원이 거의 불가능하다.",126,concept
504,5,해시,"보기 중에서 임의의 길이의 입력 데이터를 고정된 길이의 값으로 변환하며, 복호화가 거의 불가능한 일방향 함수는?",전자서명,해시(Hash),공개키 암호화,대칭키 암호화,2,"해시 함수는 임의 길이의 입력을 고정 길이 값으로 변환하는 일방향 함수로 SHA, MD5 등이 있으며 원문 복원이 거의 불가능하다.",126,concept
505,5,DDoS 공격,여러 곳에 분산된 공격 지점에서 한 곳의 서버에 대해 분산 서비스 공격을 수행하는 것은?,DDoS(분산 서비스 거부) 공격,피싱(Phishing),스머핑(Smurfing),세션 하이재킹,1,"DDoS 공격은 여러 지점에서 동시에 한 서버를 공격해 서비스를 마비시키는 공격으로 Trin00, TFN 등의 툴이 사용된다.",127,concept
506,5,DDoS 공격,여러 곳에 분산된 공격 지점에서 한 곳의 서버에 대해 분산 서비스 공격을 수행하는 것은?,피싱(Phishing),스머핑(Smurfing),세션 하이재킹,DDoS(분산 서비스 거부) 공격,4,"DDoS 공격은 여러 지점에서 동시에 한 서버를 공격해 서비스를 마비시키는 공격으로 Trin00, TFN 등의 툴이 사용된다.",127,concept
507,5,DDoS 공격,다음 중 여러 곳에 분산된 공격 지점에서 한 곳의 서버에 대해 분산 서비스 공격을 수행하는 것은?,스머핑(Smurfing),세션 하이재킹,DDoS(분산 서비스 거부) 공격,피싱(Phishing),3,"DDoS 공격은 여러 지점에서 동시에 한 서버를 공격해 서비스를 마비시키는 공격으로 Trin00, TFN 등의 툴이 사용된다.",127,concept
508,5,DDoS 공격,보기 중에서 여러 곳에 분산된 공격 지점에서 한 곳의 서버에 대해 분산 서비스 공격을 수행하는 것은?,세션 하이재킹,스머핑(Smurfing),피싱(Phishing),DDoS(분산 서비스 거부) 공격,4,"DDoS 공격은 여러 지점에서 동시에 한 서버를 공격해 서비스를 마비시키는 공격으로 Trin00, TFN 등의 툴이 사용된다.",127,concept
509,5,IDS 탐지 방식,침입탐지시스템(IDS)에서 미리 입력해둔 공격 패턴이 감지되면 알려주는 탐지 방식은?,오용 탐지(Misuse Detection),이상 탐지(Anomaly Detection),행위 탐지,정적 탐지,1,"오용 탐지는 사전에 정의된 공격 패턴과 일치할 때 탐지하며, 이상 탐지는 평균적인 시스템 상태를 기준으로 비정상 행위를 탐지한다.",128,concept
510,5,IDS 탐지 방식,침입탐지시스템(IDS)에서 미리 입력해둔 공격 패턴이 감지되면 알려주는 탐지 방식은?,이상 탐지(Anomaly Detection),행위 탐지,정적 탐지,오용 탐지(Misuse Detection),4,"오용 탐지는 사전에 정의된 공격 패턴과 일치할 때 탐지하며, 이상 탐지는 평균적인 시스템 상태를 기준으로 비정상 행위를 탐지한다.",128,concept
511,5,IDS 탐지 방식,다음 중 침입탐지시스템(IDS)에서 미리 입력해둔 공격 패턴이 감지되면 알려주는 탐지 방식은?,행위 탐지,정적 탐지,오용 탐지(Misuse Detection),이상 탐지(Anomaly Detection),3,"오용 탐지는 사전에 정의된 공격 패턴과 일치할 때 탐지하며, 이상 탐지는 평균적인 시스템 상태를 기준으로 비정상 행위를 탐지한다.",128,concept
512,5,IDS 탐지 방식,보기 중에서 침입탐지시스템(IDS)에서 미리 입력해둔 공격 패턴이 감지되면 알려주는 탐지 방식은?,정적 탐지,행위 탐지,이상 탐지(Anomaly Detection),오용 탐지(Misuse Detection),4,"오용 탐지는 사전에 정의된 공격 패턴과 일치할 때 탐지하며, 이상 탐지는 평균적인 시스템 상태를 기준으로 비정상 행위를 탐지한다.",128,concept
513,5,VPN,공중 네트워크와 암호화 기술을 이용해 사용자가 마치 전용 회선을 사용하는 것처럼 해주는 보안 솔루션은?,VPN(가상 사설 통신망),SSH,IDS,방화벽,1,VPN은 공중 네트워크상에서 암호화 기술로 전용회선처럼 안전한 통신을 제공하는 보안 솔루션이다.,129,concept
514,5,VPN,공중 네트워크와 암호화 기술을 이용해 사용자가 마치 전용 회선을 사용하는 것처럼 해주는 보안 솔루션은?,SSH,IDS,방화벽,VPN(가상 사설 통신망),4,VPN은 공중 네트워크상에서 암호화 기술로 전용회선처럼 안전한 통신을 제공하는 보안 솔루션이다.,129,concept
515,5,VPN,다음 중 공중 네트워크와 암호화 기술을 이용해 사용자가 마치 전용 회선을 사용하는 것처럼 해주는 보안 솔루션은?,IDS,방화벽,VPN(가상 사설 통신망),SSH,3,VPN은 공중 네트워크상에서 암호화 기술로 전용회선처럼 안전한 통신을 제공하는 보안 솔루션이다.,129,concept
516,5,VPN,보기 중에서 공중 네트워크와 암호화 기술을 이용해 사용자가 마치 전용 회선을 사용하는 것처럼 해주는 보안 솔루션은?,방화벽,IDS,SSH,VPN(가상 사설 통신망),4,VPN은 공중 네트워크상에서 암호화 기술로 전용회선처럼 안전한 통신을 제공하는 보안 솔루션이다.,129,concept
